strategy,category,image_path,true_defect_type,pred_defect_type,top2_defect_types,top1_correct,top2_correct,score_bent,score_broken,score_glue,score_metal_contamination,score_thread,score_color,score_cut,score_fold,score_poke,score_manipulated_front,score_scratch_head,score_scratch_neck,score_thread_side,score_thread_top,score_combined,score_hole,score_liquid,score_scratch
category_aware,grid,datasets/MVTecAD/grid/test/bent/000.png,bent,broken,broken|bent,False,True,0.2858845591545105,0.2921893298625946,0.27783069014549255,0.28348055481910706,0.28131726384162903,,,,,,,,,,,,,
category_aware,grid,datasets/MVTecAD/grid/test/bent/001.png,bent,broken,broken|thread,False,False,0.2918125092983246,0.2956436276435852,0.28481730818748474,0.292490690946579,0.29412978887557983,,,,,,,,,,,,,
category_aware,grid,datasets/MVTecAD/grid/test/bent/002.png,bent,broken,broken|thread,False,False,0.2794419825077057,0.28894343972206116,0.275881290435791,0.2824246287345886,0.2861894369125366,,,,,,,,,,,,,
category_aware,grid,datasets/MVTecAD/grid/test/bent/003.png,bent,broken,broken|bent,False,True,0.2874720096588135,0.2885868549346924,0.2736622095108032,0.2846318185329437,0.2828467786312103,,,,,,,,,,,,,
category_aware,grid,datasets/MVTecAD/grid/test/bent/004.png,bent,thread,thread|bent,False,True,0.29174140095710754,0.29160869121551514,0.2822382152080536,0.29135623574256897,0.29496192932128906,,,,,,,,,,,,,
category_aware,grid,datasets/MVTecAD/grid/test/bent/005.png,bent,broken,broken|thread,False,False,0.28832265734672546,0.2905097007751465,0.2751101553440094,0.28293126821517944,0.2889162600040436,,,,,,,,,,,,,
category_aware,grid,datasets/MVTecAD/grid/test/bent/006.png,bent,broken,broken|bent,False,True,0.27905526757240295,0.2842040956020355,0.26872822642326355,0.27504226565361023,0.27871522307395935,,,,,,,,,,,,,
category_aware,grid,datasets/MVTecAD/grid/test/bent/007.png,bent,broken,broken|metal_contamination,False,False,0.29106560349464417,0.2933310270309448,0.28593507409095764,0.2918460965156555,0.2899487018585205,,,,,,,,,,,,,
category_aware,grid,datasets/MVTecAD/grid/test/bent/008.png,bent,metal_contamination,metal_contamination|thread,False,False,0.29502585530281067,0.3001144528388977,0.29514649510383606,0.3032471835613251,0.3014855980873108,,,,,,,,,,,,,
category_aware,grid,datasets/MVTecAD/grid/test/bent/009.png,bent,broken,broken|thread,False,False,0.28074637055397034,0.28559064865112305,0.2709958553314209,0.27931511402130127,0.2826247215270996,,,,,,,,,,,,,
category_aware,grid,datasets/MVTecAD/grid/test/bent/010.png,bent,thread,thread|metal_contamination,False,False,0.28611698746681213,0.2866649925708771,0.28344133496284485,0.2890947759151459,0.2941570281982422,,,,,,,,,,,,,
category_aware,grid,datasets/MVTecAD/grid/test/bent/011.png,bent,broken,broken|thread,False,False,0.28799620270729065,0.2913704514503479,0.27878421545028687,0.2858608663082123,0.2893456220626831,,,,,,,,,,,,,
category_aware,grid,datasets/MVTecAD/grid/test/broken/000.png,broken,broken,broken|bent,True,True,0.2918091416358948,0.29590702056884766,0.2823958992958069,0.28898730874061584,0.28670457005500793,,,,,,,,,,,,,
category_aware,grid,datasets/MVTecAD/grid/test/broken/001.png,broken,broken,broken|metal_contamination,True,True,0.28341585397720337,0.2887512445449829,0.27650049328804016,0.28556209802627563,0.27956509590148926,,,,,,,,,,,,,
category_aware,grid,datasets/MVTecAD/grid/test/broken/002.png,broken,broken,broken|thread,True,True,0.2859196960926056,0.2888706624507904,0.27151206135749817,0.2817078232765198,0.2870626747608185,,,,,,,,,,,,,
category_aware,grid,datasets/MVTecAD/grid/test/broken/003.png,broken,broken,broken|thread,True,True,0.285588800907135,0.29088884592056274,0.27756303548812866,0.2882353365421295,0.28864020109176636,,,,,,,,,,,,,
category_aware,grid,datasets/MVTecAD/grid/test/broken/004.png,broken,broken,broken|thread,True,True,0.2847820818424225,0.2918037176132202,0.2731176018714905,0.2861623466014862,0.2864922881126404,,,,,,,,,,,,,
category_aware,grid,datasets/MVTecAD/grid/test/broken/005.png,broken,broken,broken|thread,True,True,0.29855242371559143,0.2998284697532654,0.2828317880630493,0.29405561089515686,0.2987944185733795,,,,,,,,,,,,,
category_aware,grid,datasets/MVTecAD/grid/test/broken/006.png,broken,broken,broken|bent,True,True,0.2961534261703491,0.3022010028362274,0.2845587134361267,0.2944200336933136,0.294447660446167,,,,,,,,,,,,,
category_aware,grid,datasets/MVTecAD/grid/test/broken/007.png,broken,broken,broken|bent,True,True,0.29703623056411743,0.2992537021636963,0.28431862592697144,0.2904633581638336,0.29503685235977173,,,,,,,,,,,,,
category_aware,grid,datasets/MVTecAD/grid/test/broken/008.png,broken,thread,thread|bent,False,False,0.29277321696281433,0.2901904881000519,0.2797505855560303,0.28934043645858765,0.29334700107574463,,,,,,,,,,,,,
category_aware,grid,datasets/MVTecAD/grid/test/broken/009.png,broken,metal_contamination,metal_contamination|broken,False,True,0.2844085991382599,0.2919859290122986,0.27650874853134155,0.29705941677093506,0.28673508763313293,,,,,,,,,,,,,
category_aware,grid,datasets/MVTecAD/grid/test/broken/010.png,broken,broken,broken|thread,True,True,0.30231454968452454,0.3118599057197571,0.29733747243881226,0.3044518530368805,0.30630525946617126,,,,,,,,,,,,,
category_aware,grid,datasets/MVTecAD/grid/test/broken/011.png,broken,metal_contamination,metal_contamination|thread,False,False,0.29373300075531006,0.29661548137664795,0.28837791085243225,0.3007461428642273,0.2973918318748474,,,,,,,,,,,,,
category_aware,grid,datasets/MVTecAD/grid/test/glue/000.png,glue,broken,broken|bent,False,False,0.2934190034866333,0.29668518900871277,0.2864537835121155,0.2911824584007263,0.2890511155128479,,,,,,,,,,,,,
category_aware,grid,datasets/MVTecAD/grid/test/glue/001.png,glue,broken,broken|bent,False,False,0.29571253061294556,0.2957715690135956,0.2836253046989441,0.2890174090862274,0.29569005966186523,,,,,,,,,,,,,
category_aware,grid,datasets/MVTecAD/grid/test/glue/002.png,glue,thread,thread|bent,False,False,0.29410943388938904,0.29265713691711426,0.28491365909576416,0.2935110032558441,0.29753240942955017,,,,,,,,,,,,,
category_aware,grid,datasets/MVTecAD/grid/test/glue/003.png,glue,thread,thread|broken,False,False,0.2885292172431946,0.2916623055934906,0.2808462083339691,0.29092398285865784,0.29214558005332947,,,,,,,,,,,,,
category_aware,grid,datasets/MVTecAD/grid/test/glue/004.png,glue,thread,thread|bent,False,False,0.29696765542030334,0.2964843213558197,0.2797207236289978,0.287628710269928,0.2973777651786804,,,,,,,,,,,,,
category_aware,grid,datasets/MVTecAD/grid/test/glue/005.png,glue,broken,broken|bent,False,False,0.2910112738609314,0.29168471693992615,0.27636846899986267,0.28033435344696045,0.2881409525871277,,,,,,,,,,,,,
category_aware,grid,datasets/MVTecAD/grid/test/glue/006.png,glue,bent,bent|broken,False,False,0.29316192865371704,0.2921811640262604,0.27595528960227966,0.2843986451625824,0.29019826650619507,,,,,,,,,,,,,
category_aware,grid,datasets/MVTecAD/grid/test/glue/007.png,glue,broken,broken|bent,False,False,0.27738386392593384,0.27845850586891174,0.2641597390174866,0.26846784353256226,0.2760254144668579,,,,,,,,,,,,,
category_aware,grid,datasets/MVTecAD/grid/test/glue/008.png,glue,thread,thread|bent,False,False,0.28592050075531006,0.28537988662719727,0.27465999126434326,0.2812708616256714,0.28687551617622375,,,,,,,,,,,,,
category_aware,grid,datasets/MVTecAD/grid/test/glue/009.png,glue,broken,broken|bent,False,False,0.2881566882133484,0.29005011916160583,0.2772213816642761,0.2805103361606598,0.2868770956993103,,,,,,,,,,,,,
category_aware,grid,datasets/MVTecAD/grid/test/glue/010.png,glue,broken,broken|thread,False,False,0.28307127952575684,0.2870890200138092,0.27499502897262573,0.28312504291534424,0.2857886254787445,,,,,,,,,,,,,
category_aware,grid,datasets/MVTecAD/grid/test/metal_contamination/000.png,metal_contamination,metal_contamination,metal_contamination|broken,True,True,0.2904985845088959,0.29446524381637573,0.28485554456710815,0.2971402108669281,0.29434913396835327,,,,,,,,,,,,,
category_aware,grid,datasets/MVTecAD/grid/test/metal_contamination/001.png,metal_contamination,metal_contamination,metal_contamination|broken,True,True,0.29123491048812866,0.2918802499771118,0.2820742130279541,0.29296088218688965,0.2886437773704529,,,,,,,,,,,,,
category_aware,grid,datasets/MVTecAD/grid/test/metal_contamination/002.png,metal_contamination,thread,thread|broken,False,False,0.28352782130241394,0.2853018641471863,0.2719004452228546,0.27653974294662476,0.28580307960510254,,,,,,,,,,,,,
category_aware,grid,datasets/MVTecAD/grid/test/metal_contamination/003.png,metal_contamination,metal_contamination,metal_contamination|broken,True,True,0.2853183448314667,0.2944851517677307,0.2815955877304077,0.29634472727775574,0.2879042327404022,,,,,,,,,,,,,
category_aware,grid,datasets/MVTecAD/grid/test/metal_contamination/004.png,metal_contamination,broken,broken|bent,False,False,0.30598461627960205,0.31674861907958984,0.29884859919548035,0.30598074197769165,0.3030417561531067,,,,,,,,,,,,,
category_aware,grid,datasets/MVTecAD/grid/test/metal_contamination/005.png,metal_contamination,broken,broken|thread,False,False,0.2827254831790924,0.2878488302230835,0.27461960911750793,0.28489893674850464,0.2851370573043823,,,,,,,,,,,,,
category_aware,grid,datasets/MVTecAD/grid/test/metal_contamination/006.png,metal_contamination,broken,broken|bent,False,False,0.2839702069759369,0.2856048345565796,0.2706662118434906,0.28240808844566345,0.28210005164146423,,,,,,,,,,,,,
category_aware,grid,datasets/MVTecAD/grid/test/metal_contamination/007.png,metal_contamination,broken,broken|thread,False,False,0.27781495451927185,0.28303536772727966,0.2637815475463867,0.2748332917690277,0.27782049775123596,,,,,,,,,,,,,
category_aware,grid,datasets/MVTecAD/grid/test/metal_contamination/008.png,metal_contamination,metal_contamination,metal_contamination|broken,True,True,0.2902427613735199,0.2961271107196808,0.28279733657836914,0.29651254415512085,0.2951795756816864,,,,,,,,,,,,,
category_aware,grid,datasets/MVTecAD/grid/test/metal_contamination/009.png,metal_contamination,thread,thread|metal_contamination,False,True,0.29455918073654175,0.2956187129020691,0.2856762707233429,0.29594719409942627,0.29885563254356384,,,,,,,,,,,,,
category_aware,grid,datasets/MVTecAD/grid/test/metal_contamination/010.png,metal_contamination,thread,thread|metal_contamination,False,True,0.27464646100997925,0.27518966794013977,0.2676265239715576,0.27655813097953796,0.2813337743282318,,,,,,,,,,,,,
category_aware,grid,datasets/MVTecAD/grid/test/thread/000.png,thread,broken,broken|thread,False,True,0.2788180112838745,0.28420642018318176,0.26850101351737976,0.27697157859802246,0.2807111144065857,,,,,,,,,,,,,
category_aware,grid,datasets/MVTecAD/grid/test/thread/001.png,thread,metal_contamination,metal_contamination|thread,False,True,0.280371755361557,0.2880607545375824,0.28167271614074707,0.2970253527164459,0.2919085919857025,,,,,,,,,,,,,
category_aware,grid,datasets/MVTecAD/grid/test/thread/002.png,thread,broken,broken|thread,False,True,0.28918659687042236,0.2918952703475952,0.27944114804267883,0.2852228879928589,0.29094886779785156,,,,,,,,,,,,,
category_aware,grid,datasets/MVTecAD/grid/test/thread/003.png,thread,bent,bent|thread,False,True,0.28748437762260437,0.2848852276802063,0.2741883397102356,0.2810192108154297,0.28597041964530945,,,,,,,,,,,,,
category_aware,grid,datasets/MVTecAD/grid/test/thread/004.png,thread,broken,broken|metal_contamination,False,False,0.28221967816352844,0.2860845625400543,0.27388712763786316,0.2851979732513428,0.27671703696250916,,,,,,,,,,,,,
category_aware,grid,datasets/MVTecAD/grid/test/thread/005.png,thread,metal_contamination,metal_contamination|broken,False,False,0.2847418189048767,0.28962114453315735,0.27890872955322266,0.29793617129325867,0.2841465175151825,,,,,,,,,,,,,
category_aware,grid,datasets/MVTecAD/grid/test/thread/006.png,thread,bent,bent|broken,False,False,0.2694605886936188,0.26922112703323364,0.25267598032951355,0.26474860310554504,0.26606714725494385,,,,,,,,,,,,,
category_aware,grid,datasets/MVTecAD/grid/test/thread/007.png,thread,thread,thread|broken,True,True,0.2864978313446045,0.28728652000427246,0.27493923902511597,0.28156778216362,0.2886928617954254,,,,,,,,,,,,,
category_aware,grid,datasets/MVTecAD/grid/test/thread/008.png,thread,broken,broken|bent,False,False,0.29618293046951294,0.29731354117393494,0.2856017053127289,0.29590272903442383,0.2931922674179077,,,,,,,,,,,,,
category_aware,grid,datasets/MVTecAD/grid/test/thread/009.png,thread,broken,broken|bent,False,False,0.29487890005111694,0.29823437333106995,0.27715539932250977,0.2891528010368347,0.29267898201942444,,,,,,,,,,,,,
category_aware,grid,datasets/MVTecAD/grid/test/thread/010.png,thread,bent,bent|broken,False,False,0.27310070395469666,0.2702581584453583,0.2510673701763153,0.2628350257873535,0.2692784070968628,,,,,,,,,,,,,
category_aware,leather,datasets/MVTecAD/leather/test/color/000.png,color,color,color|poke,True,True,,,0.2535664141178131,,,0.27963492274284363,0.2596127986907959,0.25032421946525574,0.26868268847465515,,,,,,,,,
category_aware,leather,datasets/MVTecAD/leather/test/color/001.png,color,color,color|cut,True,True,,,0.2671694755554199,,,0.29946231842041016,0.28401193022727966,0.2697383165359497,0.280741423368454,,,,,,,,,
category_aware,leather,datasets/MVTecAD/leather/test/color/002.png,color,color,color|poke,True,True,,,0.27005982398986816,,,0.29542914032936096,0.2758672535419464,0.26339003443717957,0.2770938575267792,,,,,,,,,
category_aware,leather,datasets/MVTecAD/leather/test/color/003.png,color,color,color|cut,True,True,,,0.27314287424087524,,,0.29707071185112,0.2845394015312195,0.26489758491516113,0.2816673815250397,,,,,,,,,
category_aware,leather,datasets/MVTecAD/leather/test/color/004.png,color,color,color|cut,True,True,,,0.2936914265155792,,,0.32009157538414,0.30119192600250244,0.2924365699291229,0.29544201493263245,,,,,,,,,
category_aware,leather,datasets/MVTecAD/leather/test/color/005.png,color,color,color|cut,True,True,,,0.2780960500240326,,,0.30281326174736023,0.28761082887649536,0.2712405323982239,0.285526305437088,,,,,,,,,
category_aware,leather,datasets/MVTecAD/leather/test/color/006.png,color,color,color|cut,True,True,,,0.29595792293548584,,,0.32413044571876526,0.3021104037761688,0.2996704876422882,0.29306745529174805,,,,,,,,,
category_aware,leather,datasets/MVTecAD/leather/test/color/007.png,color,color,color|cut,True,True,,,0.28317034244537354,,,0.3086274564266205,0.29359370470046997,0.28288474678993225,0.28888702392578125,,,,,,,,,
category_aware,leather,datasets/MVTecAD/leather/test/color/008.png,color,color,color|poke,True,True,,,0.28143543004989624,,,0.30546674132347107,0.2912489175796509,0.2711980640888214,0.29437655210494995,,,,,,,,,
category_aware,leather,datasets/MVTecAD/leather/test/color/009.png,color,color,color|cut,True,True,,,0.2699553370475769,,,0.29904061555862427,0.290745347738266,0.26757654547691345,0.28466132283210754,,,,,,,,,
category_aware,leather,datasets/MVTecAD/leather/test/color/010.png,color,color,color|poke,True,True,,,0.27219241857528687,,,0.3000761568546295,0.2815081775188446,0.2687520682811737,0.28417009115219116,,,,,,,,,
category_aware,leather,datasets/MVTecAD/leather/test/color/011.png,color,color,color|cut,True,True,,,0.2637556493282318,,,0.2914399206638336,0.2815389931201935,0.2635742723941803,0.27736884355545044,,,,,,,,,
category_aware,leather,datasets/MVTecAD/leather/test/color/012.png,color,color,color|cut,True,True,,,0.28457698225975037,,,0.3086231052875519,0.29370126128196716,0.27867886424064636,0.28974875807762146,,,,,,,,,
category_aware,leather,datasets/MVTecAD/leather/test/color/013.png,color,color,color|cut,True,True,,,0.2729555666446686,,,0.3015412986278534,0.29229971766471863,0.27069374918937683,0.28520235419273376,,,,,,,,,
category_aware,leather,datasets/MVTecAD/leather/test/color/014.png,color,color,color|poke,True,True,,,0.2672077715396881,,,0.2966422140598297,0.2755627930164337,0.26624616980552673,0.2785283923149109,,,,,,,,,
category_aware,leather,datasets/MVTecAD/leather/test/color/015.png,color,color,color|cut,True,True,,,0.2573910057544708,,,0.28532400727272034,0.2713870406150818,0.25008538365364075,0.27029991149902344,,,,,,,,,
category_aware,leather,datasets/MVTecAD/leather/test/color/016.png,color,color,color|poke,True,True,,,0.26575109362602234,,,0.28909429907798767,0.27629417181015015,0.26114505529403687,0.2780521512031555,,,,,,,,,
category_aware,leather,datasets/MVTecAD/leather/test/color/017.png,color,color,color|cut,True,True,,,0.28706344962120056,,,0.3178744912147522,0.300537109375,0.2783466577529907,0.29001855850219727,,,,,,,,,
category_aware,leather,datasets/MVTecAD/leather/test/color/018.png,color,color,color|poke,True,True,,,0.26598498225212097,,,0.29540351033210754,0.27649757266044617,0.2684217691421509,0.27728092670440674,,,,,,,,,
category_aware,leather,datasets/MVTecAD/leather/test/cut/000.png,cut,color,color|poke,False,False,,,0.26206445693969727,,,0.28435027599334717,0.2677248418331146,0.25780704617500305,0.2749452292919159,,,,,,,,,
category_aware,leather,datasets/MVTecAD/leather/test/cut/001.png,cut,color,color|poke,False,False,,,0.2664461135864258,,,0.2880035936832428,0.27879446744918823,0.26800158619880676,0.28756797313690186,,,,,,,,,
category_aware,leather,datasets/MVTecAD/leather/test/cut/002.png,cut,color,color|cut,False,True,,,0.28908804059028625,,,0.31972256302833557,0.30062463879585266,0.2968369722366333,0.29655343294143677,,,,,,,,,
category_aware,leather,datasets/MVTecAD/leather/test/cut/003.png,cut,poke,poke|color,False,False,,,0.25636765360832214,,,0.2589259743690491,0.2531246840953827,0.2366994023323059,0.2649244964122772,,,,,,,,,
category_aware,leather,datasets/MVTecAD/leather/test/cut/004.png,cut,color,color|poke,False,False,,,0.27376046776771545,,,0.28243520855903625,0.2735216021537781,0.26421865820884705,0.27899208664894104,,,,,,,,,
category_aware,leather,datasets/MVTecAD/leather/test/cut/005.png,cut,color,color|cut,False,True,,,0.3007960021495819,,,0.3219127655029297,0.30840134620666504,0.301338255405426,0.3049907982349396,,,,,,,,,
category_aware,leather,datasets/MVTecAD/leather/test/cut/006.png,cut,color,color|poke,False,False,,,0.2776438593864441,,,0.28879719972610474,0.2850468158721924,0.27043285965919495,0.2853682041168213,,,,,,,,,
category_aware,leather,datasets/MVTecAD/leather/test/cut/007.png,cut,poke,poke|color,False,False,,,0.2787693738937378,,,0.284061461687088,0.2803383767604828,0.26490896940231323,0.28470340371131897,,,,,,,,,
category_aware,leather,datasets/MVTecAD/leather/test/cut/008.png,cut,color,color|cut,False,True,,,0.2935476005077362,,,0.30567941069602966,0.3014426529407501,0.2850305140018463,0.29977288842201233,,,,,,,,,
category_aware,leather,datasets/MVTecAD/leather/test/cut/009.png,cut,color,color|cut,False,True,,,0.2954590916633606,,,0.3156309127807617,0.30198121070861816,0.29439419507980347,0.3019283413887024,,,,,,,,,
category_aware,leather,datasets/MVTecAD/leather/test/cut/010.png,cut,color,color|cut,False,True,,,0.299511194229126,,,0.32344475388526917,0.30767911672592163,0.30039164423942566,0.30233120918273926,,,,,,,,,
category_aware,leather,datasets/MVTecAD/leather/test/cut/011.png,cut,color,color|cut,False,True,,,0.3040470480918884,,,0.326262891292572,0.31305986642837524,0.30718088150024414,0.30465978384017944,,,,,,,,,
category_aware,leather,datasets/MVTecAD/leather/test/cut/012.png,cut,color,color|poke,False,False,,,0.2833884656429291,,,0.3015185296535492,0.28770139813423157,0.27800819277763367,0.29300767183303833,,,,,,,,,
category_aware,leather,datasets/MVTecAD/leather/test/cut/013.png,cut,color,color|cut,False,True,,,0.29654306173324585,,,0.30566224455833435,0.30247339606285095,0.28856199979782104,0.2981594204902649,,,,,,,,,
category_aware,leather,datasets/MVTecAD/leather/test/cut/014.png,cut,color,color|cut,False,True,,,0.3092176020145416,,,0.3339509963989258,0.3182460069656372,0.3085319697856903,0.3076099753379822,,,,,,,,,
category_aware,leather,datasets/MVTecAD/leather/test/cut/015.png,cut,color,color|cut,False,True,,,0.2886632978916168,,,0.3076104521751404,0.2987658679485321,0.2902664542198181,0.2981533408164978,,,,,,,,,
category_aware,leather,datasets/MVTecAD/leather/test/cut/016.png,cut,color,color|poke,False,False,,,0.2589201331138611,,,0.2733526825904846,0.26116976141929626,0.25160306692123413,0.2693158984184265,,,,,,,,,
category_aware,leather,datasets/MVTecAD/leather/test/cut/017.png,cut,color,color|cut,False,True,,,0.3018154799938202,,,0.31806910037994385,0.30509787797927856,0.29477113485336304,0.2976292371749878,,,,,,,,,
category_aware,leather,datasets/MVTecAD/leather/test/cut/018.png,cut,poke,poke|color,False,False,,,0.26421064138412476,,,0.2692059576511383,0.26436203718185425,0.249875009059906,0.274758905172348,,,,,,,,,
category_aware,leather,datasets/MVTecAD/leather/test/fold/000.png,fold,cut,cut|color,False,False,,,0.30647626519203186,,,0.31687799096107483,0.3176630437374115,0.3057078421115875,0.30753740668296814,,,,,,,,,
category_aware,leather,datasets/MVTecAD/leather/test/fold/001.png,fold,color,color|cut,False,False,,,0.30996161699295044,,,0.32749179005622864,0.3182433843612671,0.3130607604980469,0.30979686975479126,,,,,,,,,
category_aware,leather,datasets/MVTecAD/leather/test/fold/002.png,fold,cut,cut|color,False,False,,,0.3006023168563843,,,0.3084987998008728,0.3094419240951538,0.3000103831291199,0.30222028493881226,,,,,,,,,
category_aware,leather,datasets/MVTecAD/leather/test/fold/003.png,fold,cut,cut|poke,False,False,,,0.2972153425216675,,,0.30251017212867737,0.3048388957977295,0.28768453001976013,0.3028196096420288,,,,,,,,,
category_aware,leather,datasets/MVTecAD/leather/test/fold/004.png,fold,cut,cut|glue,False,False,,,0.3164713978767395,,,0.3163624703884125,0.3257395923137665,0.3101210296154022,0.3105814456939697,,,,,,,,,
category_aware,leather,datasets/MVTecAD/leather/test/fold/005.png,fold,cut,cut|glue,False,False,,,0.31237658858299255,,,0.3116763234138489,0.3212513327598572,0.30718284845352173,0.3022148013114929,,,,,,,,,
category_aware,leather,datasets/MVTecAD/leather/test/fold/006.png,fold,color,color|cut,False,False,,,0.2938978672027588,,,0.3125680685043335,0.3053654432296753,0.2994404137134552,0.2903040647506714,,,,,,,,,
category_aware,leather,datasets/MVTecAD/leather/test/fold/007.png,fold,color,color|cut,False,False,,,0.2895685136318207,,,0.30013662576675415,0.29778119921684265,0.284466415643692,0.28748828172683716,,,,,,,,,
category_aware,leather,datasets/MVTecAD/leather/test/fold/008.png,fold,cut,cut|color,False,False,,,0.2806488275527954,,,0.28689417243003845,0.28932714462280273,0.2749367356300354,0.2854395806789398,,,,,,,,,
category_aware,leather,datasets/MVTecAD/leather/test/fold/009.png,fold,color,color|cut,False,False,,,0.2736624777317047,,,0.28892427682876587,0.2800750136375427,0.2721070945262909,0.27937051653862,,,,,,,,,
category_aware,leather,datasets/MVTecAD/leather/test/fold/010.png,fold,cut,cut|color,False,False,,,0.31021830439567566,,,0.3157445192337036,0.31722572445869446,0.30551862716674805,0.3059850335121155,,,,,,,,,
category_aware,leather,datasets/MVTecAD/leather/test/fold/011.png,fold,cut,cut|color,False,False,,,0.3026880919933319,,,0.30632975697517395,0.3078557550907135,0.29576942324638367,0.29824626445770264,,,,,,,,,
category_aware,leather,datasets/MVTecAD/leather/test/fold/012.png,fold,cut,cut|color,False,False,,,0.30008628964424133,,,0.3080332577228546,0.3099896311759949,0.2950211465358734,0.3057595193386078,,,,,,,,,
category_aware,leather,datasets/MVTecAD/leather/test/fold/013.png,fold,color,color|cut,False,False,,,0.27600157260894775,,,0.29298412799835205,0.28296515345573425,0.278076708316803,0.27916330099105835,,,,,,,,,
category_aware,leather,datasets/MVTecAD/leather/test/fold/014.png,fold,color,color|poke,False,False,,,0.29055753350257874,,,0.2973629832267761,0.2967696785926819,0.2796505093574524,0.29693669080734253,,,,,,,,,
category_aware,leather,datasets/MVTecAD/leather/test/fold/015.png,fold,cut,cut|color,False,False,,,0.29872584342956543,,,0.306688517332077,0.31252342462539673,0.3000582456588745,0.30077818036079407,,,,,,,,,
category_aware,leather,datasets/MVTecAD/leather/test/fold/016.png,fold,color,color|cut,False,False,,,0.2925678491592407,,,0.30699586868286133,0.30071499943733215,0.2930046021938324,0.2934919595718384,,,,,,,,,
category_aware,leather,datasets/MVTecAD/leather/test/glue/000.png,glue,color,color|poke,False,False,,,0.29047277569770813,,,0.3215899169445038,0.29759737849235535,0.293876975774765,0.2990732491016388,,,,,,,,,
category_aware,leather,datasets/MVTecAD/leather/test/glue/001.png,glue,color,color|poke,False,False,,,0.28999412059783936,,,0.3169432580471039,0.3013279139995575,0.2913607358932495,0.3047080934047699,,,,,,,,,
category_aware,leather,datasets/MVTecAD/leather/test/glue/002.png,glue,color,color|poke,False,False,,,0.2909502685070038,,,0.31486251950263977,0.29785844683647156,0.28504741191864014,0.3093850612640381,,,,,,,,,
category_aware,leather,datasets/MVTecAD/leather/test/glue/003.png,glue,color,color|cut,False,False,,,0.30170515179634094,,,0.3243454098701477,0.3110646903514862,0.30508384108543396,0.3087512254714966,,,,,,,,,
category_aware,leather,datasets/MVTecAD/leather/test/glue/004.png,glue,color,color|cut,False,False,,,0.29046574234962463,,,0.31806549429893494,0.29900503158569336,0.29176515340805054,0.2988218665122986,,,,,,,,,
category_aware,leather,datasets/MVTecAD/leather/test/glue/005.png,glue,color,color|poke,False,False,,,0.28727754950523376,,,0.3079044818878174,0.2946373522281647,0.2846188545227051,0.29625800251960754,,,,,,,,,
category_aware,leather,datasets/MVTecAD/leather/test/glue/006.png,glue,color,color|poke,False,False,,,0.28798478841781616,,,0.3118329346179962,0.29458868503570557,0.28547006845474243,0.30467548966407776,,,,,,,,,
category_aware,leather,datasets/MVTecAD/leather/test/glue/007.png,glue,color,color|poke,False,False,,,0.29301387071609497,,,0.30545759201049805,0.2942509055137634,0.28566625714302063,0.2954866886138916,,,,,,,,,
category_aware,leather,datasets/MVTecAD/leather/test/glue/008.png,glue,color,color|cut,False,False,,,0.3024815618991852,,,0.3282777965068817,0.3116863965988159,0.3060534596443176,0.30473312735557556,,,,,,,,,
category_aware,leather,datasets/MVTecAD/leather/test/glue/009.png,glue,color,color|poke,False,False,,,0.2834451198577881,,,0.3103061616420746,0.29711201786994934,0.28958311676979065,0.2984880805015564,,,,,,,,,
category_aware,leather,datasets/MVTecAD/leather/test/glue/010.png,glue,color,color|poke,False,False,,,0.27987366914749146,,,0.3040088713169098,0.29078713059425354,0.28273701667785645,0.2945016324520111,,,,,,,,,
category_aware,leather,datasets/MVTecAD/leather/test/glue/011.png,glue,color,color|poke,False,False,,,0.29554158449172974,,,0.31930965185165405,0.3030141592025757,0.2960158884525299,0.3050515949726105,,,,,,,,,
category_aware,leather,datasets/MVTecAD/leather/test/glue/012.png,glue,color,color|cut,False,False,,,0.3055208921432495,,,0.3309568464756012,0.3112180829048157,0.2993607223033905,0.30744343996047974,,,,,,,,,
category_aware,leather,datasets/MVTecAD/leather/test/glue/013.png,glue,color,color|poke,False,False,,,0.2922706604003906,,,0.3134024739265442,0.29342859983444214,0.2876828610897064,0.29743316769599915,,,,,,,,,
category_aware,leather,datasets/MVTecAD/leather/test/glue/014.png,glue,color,color|poke,False,False,,,0.2752043306827545,,,0.3074811100959778,0.2802177369594574,0.2768464684486389,0.2907695472240448,,,,,,,,,
category_aware,leather,datasets/MVTecAD/leather/test/glue/015.png,glue,color,color|poke,False,False,,,0.2910754978656769,,,0.31283658742904663,0.2958918809890747,0.2858072519302368,0.30283457040786743,,,,,,,,,
category_aware,leather,datasets/MVTecAD/leather/test/glue/016.png,glue,color,color|cut,False,False,,,0.30570513010025024,,,0.32616838812828064,0.31266674399375916,0.3062492907047272,0.30598658323287964,,,,,,,,,
category_aware,leather,datasets/MVTecAD/leather/test/glue/017.png,glue,poke,poke|cut,False,False,,,0.3004066050052643,,,0.30684033036231995,0.30976176261901855,0.29591435194015503,0.31183096766471863,,,,,,,,,
category_aware,leather,datasets/MVTecAD/leather/test/glue/018.png,glue,color,color|cut,False,False,,,0.2966555058956146,,,0.31002306938171387,0.3003541827201843,0.2864733338356018,0.29457467794418335,,,,,,,,,
category_aware,leather,datasets/MVTecAD/leather/test/poke/000.png,poke,color,color|cut,False,False,,,0.3085554838180542,,,0.31336912512779236,0.31288501620292664,0.2992456257343292,0.3094170391559601,,,,,,,,,
category_aware,leather,datasets/MVTecAD/leather/test/poke/001.png,poke,color,color|cut,False,False,,,0.29628807306289673,,,0.3038623034954071,0.2983693480491638,0.2849811613559723,0.2948490083217621,,,,,,,,,
category_aware,leather,datasets/MVTecAD/leather/test/poke/002.png,poke,color,color|poke,False,True,,,0.29499998688697815,,,0.2985993027687073,0.2944042682647705,0.28165167570114136,0.295711874961853,,,,,,,,,
category_aware,leather,datasets/MVTecAD/leather/test/poke/003.png,poke,color,color|cut,False,False,,,0.2789793312549591,,,0.2948053181171417,0.28645017743110657,0.26869750022888184,0.28376439213752747,,,,,,,,,
category_aware,leather,datasets/MVTecAD/leather/test/poke/004.png,poke,color,color|poke,False,True,,,0.2786220908164978,,,0.28737980127334595,0.28342491388320923,0.2716972231864929,0.2856886088848114,,,,,,,,,
category_aware,leather,datasets/MVTecAD/leather/test/poke/005.png,poke,color,color|poke,False,True,,,0.2815139591693878,,,0.2882348299026489,0.28380879759788513,0.26617205142974854,0.2874975800514221,,,,,,,,,
category_aware,leather,datasets/MVTecAD/leather/test/poke/006.png,poke,color,color|cut,False,False,,,0.2906917929649353,,,0.30236339569091797,0.29601234197616577,0.28340083360671997,0.2953861653804779,,,,,,,,,
category_aware,leather,datasets/MVTecAD/leather/test/poke/007.png,poke,color,color|poke,False,True,,,0.26767951250076294,,,0.28122714161872864,0.27778729796409607,0.2598341703414917,0.2803718149662018,,,,,,,,,
category_aware,leather,datasets/MVTecAD/leather/test/poke/008.png,poke,cut,cut|color,False,False,,,0.29142215847969055,,,0.29520460963249207,0.29777300357818604,0.27690598368644714,0.2907790541648865,,,,,,,,,
category_aware,leather,datasets/MVTecAD/leather/test/poke/009.png,poke,poke,poke|cut,True,True,,,0.28401076793670654,,,0.286674827337265,0.28895285725593567,0.26855918765068054,0.28980255126953125,,,,,,,,,
category_aware,leather,datasets/MVTecAD/leather/test/poke/010.png,poke,color,color|poke,False,True,,,0.27043378353118896,,,0.28163811564445496,0.2784346044063568,0.2654055058956146,0.28000447154045105,,,,,,,,,
category_aware,leather,datasets/MVTecAD/leather/test/poke/011.png,poke,color,color|cut,False,False,,,0.290921688079834,,,0.3066326677799225,0.29342275857925415,0.2828301787376404,0.28987011313438416,,,,,,,,,
category_aware,leather,datasets/MVTecAD/leather/test/poke/012.png,poke,color,color|cut,False,False,,,0.2990230917930603,,,0.3079150319099426,0.30052071809768677,0.28199344873428345,0.30051031708717346,,,,,,,,,
category_aware,leather,datasets/MVTecAD/leather/test/poke/013.png,poke,color,color|cut,False,False,,,0.31142255663871765,,,0.326692670583725,0.31601881980895996,0.30242249369621277,0.30807963013648987,,,,,,,,,
category_aware,leather,datasets/MVTecAD/leather/test/poke/014.png,poke,color,color|cut,False,False,,,0.30062681436538696,,,0.3087528944015503,0.30218225717544556,0.2887406051158905,0.29984909296035767,,,,,,,,,
category_aware,leather,datasets/MVTecAD/leather/test/poke/015.png,poke,color,color|poke,False,True,,,0.2628886103630066,,,0.2812654376029968,0.2672348916530609,0.25433051586151123,0.2746330201625824,,,,,,,,,
category_aware,leather,datasets/MVTecAD/leather/test/poke/016.png,poke,color,color|cut,False,False,,,0.28844931721687317,,,0.293451726436615,0.29316967725753784,0.27624592185020447,0.29198193550109863,,,,,,,,,
category_aware,leather,datasets/MVTecAD/leather/test/poke/017.png,poke,color,color|cut,False,False,,,0.2870795428752899,,,0.2998473048210144,0.29573190212249756,0.28434228897094727,0.29515373706817627,,,,,,,,,
category_aware,screw,datasets/MVTecAD/screw/test/manipulated_front/000.png,manipulated_front,scratch_neck,scratch_neck|scratch_head,False,False,,,,,,,,,,0.3150690793991089,0.3216009736061096,0.32525476813316345,0.31530940532684326,0.31538495421409607,,,,
category_aware,screw,datasets/MVTecAD/screw/test/manipulated_front/001.png,manipulated_front,scratch_neck,scratch_neck|scratch_head,False,False,,,,,,,,,,0.31603896617889404,0.3210890591144562,0.3249940276145935,0.3129478991031647,0.31254714727401733,,,,
category_aware,screw,datasets/MVTecAD/screw/test/manipulated_front/002.png,manipulated_front,scratch_neck,scratch_neck|scratch_head,False,False,,,,,,,,,,0.32746922969818115,0.3369584381580353,0.3411159813404083,0.3312878906726837,0.3322135806083679,,,,
category_aware,screw,datasets/MVTecAD/screw/test/manipulated_front/003.png,manipulated_front,scratch_neck,scratch_neck|manipulated_front,False,True,,,,,,,,,,0.3005041778087616,0.2984018325805664,0.30287742614746094,0.2937113046646118,0.29278239607810974,,,,
category_aware,screw,datasets/MVTecAD/screw/test/manipulated_front/004.png,manipulated_front,scratch_neck,scratch_neck|manipulated_front,False,True,,,,,,,,,,0.2862318456172943,0.28259217739105225,0.28682824969291687,0.2737179100513458,0.27287665009498596,,,,
category_aware,screw,datasets/MVTecAD/screw/test/manipulated_front/005.png,manipulated_front,scratch_neck,scratch_neck|scratch_head,False,False,,,,,,,,,,0.30084046721458435,0.3046645224094391,0.3096248507499695,0.2964131534099579,0.29598569869995117,,,,
category_aware,screw,datasets/MVTecAD/screw/test/manipulated_front/006.png,manipulated_front,scratch_neck,scratch_neck|scratch_head,False,False,,,,,,,,,,0.31214606761932373,0.3170323967933655,0.3208148777484894,0.3092482388019562,0.308209091424942,,,,
category_aware,screw,datasets/MVTecAD/screw/test/manipulated_front/007.png,manipulated_front,scratch_neck,scratch_neck|scratch_head,False,False,,,,,,,,,,0.31476694345474243,0.3197207748889923,0.32328975200653076,0.3128178119659424,0.3132394254207611,,,,
category_aware,screw,datasets/MVTecAD/screw/test/manipulated_front/008.png,manipulated_front,scratch_neck,scratch_neck|scratch_head,False,False,,,,,,,,,,0.3071911633014679,0.31054580211639404,0.31626346707344055,0.30743107199668884,0.30736878514289856,,,,
category_aware,screw,datasets/MVTecAD/screw/test/manipulated_front/009.png,manipulated_front,scratch_neck,scratch_neck|scratch_head,False,False,,,,,,,,,,0.31731411814689636,0.3205134868621826,0.3265730142593384,0.3130236566066742,0.3120720088481903,,,,
category_aware,screw,datasets/MVTecAD/screw/test/manipulated_front/010.png,manipulated_front,scratch_neck,scratch_neck|scratch_head,False,False,,,,,,,,,,0.3221452832221985,0.33443683385849,0.33779361844062805,0.3281131088733673,0.3284878730773926,,,,
category_aware,screw,datasets/MVTecAD/screw/test/manipulated_front/011.png,manipulated_front,scratch_neck,scratch_neck|scratch_head,False,False,,,,,,,,,,0.3064277470111847,0.3068649470806122,0.31020358204841614,0.3018210530281067,0.30127280950546265,,,,
category_aware,screw,datasets/MVTecAD/screw/test/manipulated_front/012.png,manipulated_front,scratch_neck,scratch_neck|scratch_head,False,False,,,,,,,,,,0.31938621401786804,0.3319967985153198,0.33537235856056213,0.3261227607727051,0.32639771699905396,,,,
category_aware,screw,datasets/MVTecAD/screw/test/manipulated_front/013.png,manipulated_front,scratch_neck,scratch_neck|scratch_head,False,False,,,,,,,,,,0.3094730079174042,0.3116791248321533,0.31593430042266846,0.30117902159690857,0.3001185357570648,,,,
category_aware,screw,datasets/MVTecAD/screw/test/manipulated_front/014.png,manipulated_front,manipulated_front,manipulated_front|scratch_neck,True,True,,,,,,,,,,0.2851799428462982,0.2781898081302643,0.28341394662857056,0.2718059718608856,0.2719041109085083,,,,
category_aware,screw,datasets/MVTecAD/screw/test/manipulated_front/015.png,manipulated_front,scratch_neck,scratch_neck|scratch_head,False,False,,,,,,,,,,0.31409549713134766,0.3180939555168152,0.321401983499527,0.3147614300251007,0.31463873386383057,,,,
category_aware,screw,datasets/MVTecAD/screw/test/manipulated_front/016.png,manipulated_front,scratch_neck,scratch_neck|scratch_head,False,False,,,,,,,,,,0.31659555435180664,0.32864806056022644,0.3315300941467285,0.32309725880622864,0.32228225469589233,,,,
category_aware,screw,datasets/MVTecAD/screw/test/manipulated_front/017.png,manipulated_front,scratch_neck,scratch_neck|scratch_head,False,False,,,,,,,,,,0.31304314732551575,0.31708118319511414,0.3210253417491913,0.31243136525154114,0.31248632073402405,,,,
category_aware,screw,datasets/MVTecAD/screw/test/manipulated_front/018.png,manipulated_front,scratch_neck,scratch_neck|scratch_head,False,False,,,,,,,,,,0.3173331916332245,0.3225014805793762,0.32599908113479614,0.3141555190086365,0.3146786689758301,,,,
category_aware,screw,datasets/MVTecAD/screw/test/manipulated_front/019.png,manipulated_front,scratch_neck,scratch_neck|scratch_head,False,False,,,,,,,,,,0.3123840391635895,0.31531208753585815,0.3183751404285431,0.30974018573760986,0.3098088502883911,,,,
category_aware,screw,datasets/MVTecAD/screw/test/manipulated_front/020.png,manipulated_front,scratch_neck,scratch_neck|scratch_head,False,False,,,,,,,,,,0.3143613040447235,0.31896698474884033,0.32302698493003845,0.31094056367874146,0.31044548749923706,,,,
category_aware,screw,datasets/MVTecAD/screw/test/manipulated_front/021.png,manipulated_front,scratch_neck,scratch_neck|scratch_head,False,False,,,,,,,,,,0.30780887603759766,0.30788856744766235,0.31123584508895874,0.3051900863647461,0.30498844385147095,,,,
category_aware,screw,datasets/MVTecAD/screw/test/manipulated_front/022.png,manipulated_front,scratch_neck,scratch_neck|scratch_head,False,False,,,,,,,,,,0.3045317232608795,0.30634501576423645,0.3112470209598541,0.30414479970932007,0.30397915840148926,,,,
category_aware,screw,datasets/MVTecAD/screw/test/manipulated_front/023.png,manipulated_front,scratch_neck,scratch_neck|scratch_head,False,False,,,,,,,,,,0.3161375820636749,0.32683104276657104,0.3296385705471039,0.32317283749580383,0.32349830865859985,,,,
category_aware,screw,datasets/MVTecAD/screw/test/scratch_head/000.png,scratch_head,scratch_neck,scratch_neck|manipulated_front,False,False,,,,,,,,,,0.30570125579833984,0.3040829002857208,0.30856382846832275,0.2915728986263275,0.2911767363548279,,,,
category_aware,screw,datasets/MVTecAD/screw/test/scratch_head/001.png,scratch_head,scratch_neck,scratch_neck|scratch_head,False,True,,,,,,,,,,0.3112782835960388,0.31276118755340576,0.31672829389572144,0.306244820356369,0.3064795434474945,,,,
category_aware,screw,datasets/MVTecAD/screw/test/scratch_head/002.png,scratch_head,scratch_neck,scratch_neck|scratch_head,False,True,,,,,,,,,,0.3079528212547302,0.30823755264282227,0.3116934597492218,0.3003631830215454,0.30022069811820984,,,,
category_aware,screw,datasets/MVTecAD/screw/test/scratch_head/003.png,scratch_head,scratch_neck,scratch_neck|scratch_head,False,True,,,,,,,,,,0.32194453477859497,0.3347693085670471,0.3363415002822876,0.3287266790866852,0.3286677300930023,,,,
category_aware,screw,datasets/MVTecAD/screw/test/scratch_head/004.png,scratch_head,scratch_neck,scratch_neck|scratch_head,False,True,,,,,,,,,,0.30621975660324097,0.31252849102020264,0.31448057293891907,0.2997796833515167,0.29858267307281494,,,,
category_aware,screw,datasets/MVTecAD/screw/test/scratch_head/005.png,scratch_head,scratch_neck,scratch_neck|scratch_head,False,True,,,,,,,,,,0.3083103597164154,0.31256669759750366,0.31514978408813477,0.30533862113952637,0.3051949441432953,,,,
category_aware,screw,datasets/MVTecAD/screw/test/scratch_head/006.png,scratch_head,scratch_neck,scratch_neck|scratch_head,False,True,,,,,,,,,,0.2913469970226288,0.29178762435913086,0.29570630192756653,0.2766616642475128,0.2752690613269806,,,,
category_aware,screw,datasets/MVTecAD/screw/test/scratch_head/007.png,scratch_head,scratch_neck,scratch_neck|scratch_head,False,True,,,,,,,,,,0.30363741517066956,0.3057311177253723,0.3085404932498932,0.2957637310028076,0.295864462852478,,,,
category_aware,screw,datasets/MVTecAD/screw/test/scratch_head/008.png,scratch_head,scratch_neck,scratch_neck|scratch_head,False,True,,,,,,,,,,0.3123406171798706,0.3144477307796478,0.3195531368255615,0.3055972456932068,0.30495601892471313,,,,
category_aware,screw,datasets/MVTecAD/screw/test/scratch_head/009.png,scratch_head,scratch_neck,scratch_neck|scratch_head,False,True,,,,,,,,,,0.3258874714374542,0.3370584547519684,0.3397194445133209,0.3268562853336334,0.3273456394672394,,,,
category_aware,screw,datasets/MVTecAD/screw/test/scratch_head/010.png,scratch_head,scratch_neck,scratch_neck|scratch_head,False,True,,,,,,,,,,0.31581398844718933,0.32507720589637756,0.3272015154361725,0.31809183955192566,0.3183824419975281,,,,
category_aware,screw,datasets/MVTecAD/screw/test/scratch_head/011.png,scratch_head,scratch_neck,scratch_neck|scratch_head,False,True,,,,,,,,,,0.3035619556903839,0.3065282106399536,0.30909010767936707,0.29652172327041626,0.295754998922348,,,,
category_aware,screw,datasets/MVTecAD/screw/test/scratch_head/012.png,scratch_head,scratch_neck,scratch_neck|manipulated_front,False,False,,,,,,,,,,0.30320870876312256,0.2983796298503876,0.3039901852607727,0.28644976019859314,0.28535908460617065,,,,
category_aware,screw,datasets/MVTecAD/screw/test/scratch_head/013.png,scratch_head,scratch_neck,scratch_neck|manipulated_front,False,False,,,,,,,,,,0.29154902696609497,0.28930509090423584,0.29292622208595276,0.27822166681289673,0.27715665102005005,,,,
category_aware,screw,datasets/MVTecAD/screw/test/scratch_head/014.png,scratch_head,scratch_neck,scratch_neck|scratch_head,False,True,,,,,,,,,,0.3184604346752167,0.32659128308296204,0.329993337392807,0.3155840337276459,0.31468674540519714,,,,
category_aware,screw,datasets/MVTecAD/screw/test/scratch_head/015.png,scratch_head,scratch_neck,scratch_neck|scratch_head,False,True,,,,,,,,,,0.30834537744522095,0.31749776005744934,0.32167327404022217,0.3060644865036011,0.305675745010376,,,,
category_aware,screw,datasets/MVTecAD/screw/test/scratch_head/016.png,scratch_head,scratch_neck,scratch_neck|scratch_head,False,True,,,,,,,,,,0.3186796307563782,0.32121869921684265,0.32461392879486084,0.3118771016597748,0.31219998002052307,,,,
category_aware,screw,datasets/MVTecAD/screw/test/scratch_head/017.png,scratch_head,scratch_neck,scratch_neck|scratch_head,False,True,,,,,,,,,,0.31269165873527527,0.3231349289417267,0.32470327615737915,0.3120776414871216,0.3109356760978699,,,,
category_aware,screw,datasets/MVTecAD/screw/test/scratch_head/018.png,scratch_head,scratch_neck,scratch_neck|scratch_head,False,True,,,,,,,,,,0.3062005043029785,0.31603044271469116,0.3179585635662079,0.30689454078674316,0.30600935220718384,,,,
category_aware,screw,datasets/MVTecAD/screw/test/scratch_head/019.png,scratch_head,manipulated_front,manipulated_front|scratch_neck,False,False,,,,,,,,,,0.2902190089225769,0.2782049775123596,0.28556063771247864,0.26508229970932007,0.2631837725639343,,,,
category_aware,screw,datasets/MVTecAD/screw/test/scratch_head/020.png,scratch_head,scratch_neck,scratch_neck|manipulated_front,False,False,,,,,,,,,,0.3118731677532196,0.31120356917381287,0.3152734935283661,0.3051774501800537,0.3049601912498474,,,,
category_aware,screw,datasets/MVTecAD/screw/test/scratch_head/021.png,scratch_head,scratch_neck,scratch_neck|scratch_head,False,True,,,,,,,,,,0.31319907307624817,0.3203229308128357,0.32168009877204895,0.31557461619377136,0.31587278842926025,,,,
category_aware,screw,datasets/MVTecAD/screw/test/scratch_head/022.png,scratch_head,scratch_neck,scratch_neck|scratch_head,False,True,,,,,,,,,,0.3129161596298218,0.31340938806533813,0.3176618218421936,0.3069407045841217,0.307125985622406,,,,
category_aware,screw,datasets/MVTecAD/screw/test/scratch_head/023.png,scratch_head,manipulated_front,manipulated_front|scratch_neck,False,False,,,,,,,,,,0.2927532196044922,0.2866688072681427,0.2908269762992859,0.2766835689544678,0.2755029797554016,,,,
category_aware,screw,datasets/MVTecAD/screw/test/scratch_neck/000.png,scratch_neck,scratch_neck,scratch_neck|scratch_head,True,True,,,,,,,,,,0.3063461184501648,0.3101181089878082,0.315228670835495,0.30285757780075073,0.3028644621372223,,,,
category_aware,screw,datasets/MVTecAD/screw/test/scratch_neck/001.png,scratch_neck,scratch_neck,scratch_neck|scratch_head,True,True,,,,,,,,,,0.30392178893089294,0.3121590316295624,0.314675509929657,0.29679498076438904,0.29538992047309875,,,,
category_aware,screw,datasets/MVTecAD/screw/test/scratch_neck/002.png,scratch_neck,scratch_neck,scratch_neck|scratch_head,True,True,,,,,,,,,,0.31351345777511597,0.320704847574234,0.32450219988822937,0.31013956665992737,0.3102444112300873,,,,
category_aware,screw,datasets/MVTecAD/screw/test/scratch_neck/003.png,scratch_neck,scratch_neck,scratch_neck|scratch_head,True,True,,,,,,,,,,0.31353116035461426,0.32259273529052734,0.32477834820747375,0.31383752822875977,0.3133934736251831,,,,
category_aware,screw,datasets/MVTecAD/screw/test/scratch_neck/004.png,scratch_neck,scratch_neck,scratch_neck|scratch_head,True,True,,,,,,,,,,0.3105188012123108,0.3160019814968109,0.3193049132823944,0.3068406879901886,0.30714836716651917,,,,
category_aware,screw,datasets/MVTecAD/screw/test/scratch_neck/005.png,scratch_neck,scratch_neck,scratch_neck|scratch_head,True,True,,,,,,,,,,0.29848310351371765,0.29880011081695557,0.3007388114929199,0.2963334023952484,0.2952128052711487,,,,
category_aware,screw,datasets/MVTecAD/screw/test/scratch_neck/006.png,scratch_neck,scratch_neck,scratch_neck|manipulated_front,True,True,,,,,,,,,,0.3047694265842438,0.3042736053466797,0.3079542815685272,0.2970627248287201,0.2970319390296936,,,,
category_aware,screw,datasets/MVTecAD/screw/test/scratch_neck/007.png,scratch_neck,scratch_neck,scratch_neck|scratch_head,True,True,,,,,,,,,,0.30134016275405884,0.30728599429130554,0.3121001124382019,0.30023086071014404,0.29933738708496094,,,,
category_aware,screw,datasets/MVTecAD/screw/test/scratch_neck/008.png,scratch_neck,scratch_neck,scratch_neck|manipulated_front,True,True,,,,,,,,,,0.2997939884662628,0.29952386021614075,0.3009134829044342,0.2935817837715149,0.29348981380462646,,,,
category_aware,screw,datasets/MVTecAD/screw/test/scratch_neck/009.png,scratch_neck,scratch_neck,scratch_neck|scratch_head,True,True,,,,,,,,,,0.30552664399147034,0.3083189129829407,0.3124482333660126,0.29520943760871887,0.2946661412715912,,,,
category_aware,screw,datasets/MVTecAD/screw/test/scratch_neck/010.png,scratch_neck,scratch_neck,scratch_neck|scratch_head,True,True,,,,,,,,,,0.3016490936279297,0.30356648564338684,0.30748024582862854,0.28950339555740356,0.2881198227405548,,,,
category_aware,screw,datasets/MVTecAD/screw/test/scratch_neck/011.png,scratch_neck,scratch_neck,scratch_neck|scratch_head,True,True,,,,,,,,,,0.2950941026210785,0.2993799149990082,0.30324047803878784,0.2884528636932373,0.2875429093837738,,,,
category_aware,screw,datasets/MVTecAD/screw/test/scratch_neck/012.png,scratch_neck,scratch_neck,scratch_neck|scratch_head,True,True,,,,,,,,,,0.3159661293029785,0.32138022780418396,0.3266318738460541,0.31005752086639404,0.30971965193748474,,,,
category_aware,screw,datasets/MVTecAD/screw/test/scratch_neck/013.png,scratch_neck,scratch_neck,scratch_neck|scratch_head,True,True,,,,,,,,,,0.31692245602607727,0.32512229681015015,0.3269363045692444,0.31823909282684326,0.3184625208377838,,,,
category_aware,screw,datasets/MVTecAD/screw/test/scratch_neck/014.png,scratch_neck,scratch_neck,scratch_neck|scratch_head,True,True,,,,,,,,,,0.30521056056022644,0.3073192834854126,0.3091508746147156,0.2988409101963043,0.298683762550354,,,,
category_aware,screw,datasets/MVTecAD/screw/test/scratch_neck/015.png,scratch_neck,scratch_neck,scratch_neck|scratch_head,True,True,,,,,,,,,,0.29187849164009094,0.2934461534023285,0.29656529426574707,0.28199318051338196,0.2811325192451477,,,,
category_aware,screw,datasets/MVTecAD/screw/test/scratch_neck/016.png,scratch_neck,manipulated_front,manipulated_front|scratch_neck,False,True,,,,,,,,,,0.28795671463012695,0.2801608741283417,0.2850320041179657,0.2720833420753479,0.2712899446487427,,,,
category_aware,screw,datasets/MVTecAD/screw/test/scratch_neck/017.png,scratch_neck,scratch_neck,scratch_neck|scratch_head,True,True,,,,,,,,,,0.30541059374809265,0.3093198835849762,0.3124667704105377,0.297378271818161,0.29669004678726196,,,,
category_aware,screw,datasets/MVTecAD/screw/test/scratch_neck/018.png,scratch_neck,scratch_neck,scratch_neck|scratch_head,True,True,,,,,,,,,,0.311796098947525,0.3163345158100128,0.3182341754436493,0.30829015374183655,0.3076169490814209,,,,
category_aware,screw,datasets/MVTecAD/screw/test/scratch_neck/019.png,scratch_neck,scratch_neck,scratch_neck|manipulated_front,True,True,,,,,,,,,,0.30826058983802795,0.3081156313419342,0.31224367022514343,0.3019598722457886,0.3016825318336487,,,,
category_aware,screw,datasets/MVTecAD/screw/test/scratch_neck/020.png,scratch_neck,scratch_neck,scratch_neck|manipulated_front,True,True,,,,,,,,,,0.3069591820240021,0.30389678478240967,0.31081390380859375,0.29284727573394775,0.29204434156417847,,,,
category_aware,screw,datasets/MVTecAD/screw/test/scratch_neck/021.png,scratch_neck,scratch_neck,scratch_neck|scratch_head,True,True,,,,,,,,,,0.3119086027145386,0.3201763927936554,0.32281428575515747,0.3124261796474457,0.3130500316619873,,,,
category_aware,screw,datasets/MVTecAD/screw/test/scratch_neck/022.png,scratch_neck,scratch_neck,scratch_neck|manipulated_front,True,True,,,,,,,,,,0.29249563813209534,0.2908547520637512,0.29447367787361145,0.2819810211658478,0.2813205420970917,,,,
category_aware,screw,datasets/MVTecAD/screw/test/scratch_neck/023.png,scratch_neck,scratch_neck,scratch_neck|manipulated_front,True,True,,,,,,,,,,0.3003072440624237,0.3003050684928894,0.3047194480895996,0.2880646288394928,0.28661346435546875,,,,
category_aware,screw,datasets/MVTecAD/screw/test/scratch_neck/024.png,scratch_neck,scratch_neck,scratch_neck|manipulated_front,True,True,,,,,,,,,,0.3135063350200653,0.312730073928833,0.3165413737297058,0.3057008981704712,0.30567416548728943,,,,
category_aware,screw,datasets/MVTecAD/screw/test/thread_side/000.png,thread_side,scratch_neck,scratch_neck|scratch_head,False,False,,,,,,,,,,0.30542007088661194,0.30985039472579956,0.3131716549396515,0.3030877113342285,0.3033922612667084,,,,
category_aware,screw,datasets/MVTecAD/screw/test/thread_side/001.png,thread_side,scratch_neck,scratch_neck|scratch_head,False,False,,,,,,,,,,0.30972662568092346,0.3154909908771515,0.3175298869609833,0.30859246850013733,0.3085508644580841,,,,
category_aware,screw,datasets/MVTecAD/screw/test/thread_side/002.png,thread_side,scratch_neck,scratch_neck|scratch_head,False,False,,,,,,,,,,0.3067372143268585,0.3090219795703888,0.31125012040138245,0.3020801246166229,0.30199143290519714,,,,
category_aware,screw,datasets/MVTecAD/screw/test/thread_side/003.png,thread_side,scratch_neck,scratch_neck|scratch_head,False,False,,,,,,,,,,0.3172683119773865,0.32501021027565,0.3268532454967499,0.3219188153743744,0.3225313425064087,,,,
category_aware,screw,datasets/MVTecAD/screw/test/thread_side/004.png,thread_side,manipulated_front,manipulated_front|scratch_neck,False,False,,,,,,,,,,0.29964450001716614,0.2930625081062317,0.2990133464336395,0.2854643166065216,0.2838611900806427,,,,
category_aware,screw,datasets/MVTecAD/screw/test/thread_side/005.png,thread_side,scratch_neck,scratch_neck|scratch_head,False,False,,,,,,,,,,0.30566495656967163,0.30669790506362915,0.3124305307865143,0.29373374581336975,0.2931974232196808,,,,
category_aware,screw,datasets/MVTecAD/screw/test/thread_side/006.png,thread_side,scratch_neck,scratch_neck|scratch_head,False,False,,,,,,,,,,0.30822575092315674,0.31028714776039124,0.31559333205223083,0.3018573522567749,0.30042582750320435,,,,
category_aware,screw,datasets/MVTecAD/screw/test/thread_side/007.png,thread_side,scratch_neck,scratch_neck|scratch_head,False,False,,,,,,,,,,0.3071019649505615,0.3082902431488037,0.3110101521015167,0.30309170484542847,0.30271244049072266,,,,
category_aware,screw,datasets/MVTecAD/screw/test/thread_side/008.png,thread_side,scratch_neck,scratch_neck|scratch_head,False,False,,,,,,,,,,0.31395697593688965,0.3203847408294678,0.3244803547859192,0.3120325207710266,0.31268054246902466,,,,
category_aware,screw,datasets/MVTecAD/screw/test/thread_side/009.png,thread_side,manipulated_front,manipulated_front|scratch_neck,False,False,,,,,,,,,,0.29188984632492065,0.2860527038574219,0.29126545786857605,0.280492901802063,0.2787739634513855,,,,
category_aware,screw,datasets/MVTecAD/screw/test/thread_side/010.png,thread_side,scratch_neck,scratch_neck|scratch_head,False,False,,,,,,,,,,0.3098166584968567,0.3137305676937103,0.31621959805488586,0.3066372275352478,0.3064064681529999,,,,
category_aware,screw,datasets/MVTecAD/screw/test/thread_side/011.png,thread_side,manipulated_front,manipulated_front|scratch_neck,False,False,,,,,,,,,,0.3014421761035919,0.2989291548728943,0.301229327917099,0.29265254735946655,0.2921580970287323,,,,
category_aware,screw,datasets/MVTecAD/screw/test/thread_side/012.png,thread_side,scratch_neck,scratch_neck|scratch_head,False,False,,,,,,,,,,0.31231752038002014,0.3135174810886383,0.3166758418083191,0.3091784417629242,0.31019148230552673,,,,
category_aware,screw,datasets/MVTecAD/screw/test/thread_side/013.png,thread_side,scratch_neck,scratch_neck|scratch_head,False,False,,,,,,,,,,0.2984025776386261,0.3008437156677246,0.3042922616004944,0.2917390763759613,0.291117787361145,,,,
category_aware,screw,datasets/MVTecAD/screw/test/thread_side/014.png,thread_side,scratch_neck,scratch_neck|manipulated_front,False,False,,,,,,,,,,0.3047836720943451,0.3044823408126831,0.31016501784324646,0.29498761892318726,0.2945515811443329,,,,
category_aware,screw,datasets/MVTecAD/screw/test/thread_side/015.png,thread_side,scratch_neck,scratch_neck|scratch_head,False,False,,,,,,,,,,0.3052760064601898,0.30743229389190674,0.3108174502849579,0.29786771535873413,0.2975221872329712,,,,
category_aware,screw,datasets/MVTecAD/screw/test/thread_side/016.png,thread_side,scratch_neck,scratch_neck|scratch_head,False,False,,,,,,,,,,0.3059874176979065,0.3104003369808197,0.31262800097465515,0.3055175244808197,0.3050934374332428,,,,
category_aware,screw,datasets/MVTecAD/screw/test/thread_side/017.png,thread_side,scratch_neck,scratch_neck|scratch_head,False,False,,,,,,,,,,0.2973596751689911,0.2983197867870331,0.30305489897727966,0.2926238775253296,0.292966365814209,,,,
category_aware,screw,datasets/MVTecAD/screw/test/thread_side/018.png,thread_side,scratch_neck,scratch_neck|manipulated_front,False,False,,,,,,,,,,0.2935309112071991,0.2910673916339874,0.2955918312072754,0.28436002135276794,0.28434866666793823,,,,
category_aware,screw,datasets/MVTecAD/screw/test/thread_side/019.png,thread_side,scratch_neck,scratch_neck|manipulated_front,False,False,,,,,,,,,,0.298179566860199,0.29387444257736206,0.2983775734901428,0.28447020053863525,0.28269436955451965,,,,
category_aware,screw,datasets/MVTecAD/screw/test/thread_side/020.png,thread_side,scratch_neck,scratch_neck|scratch_head,False,False,,,,,,,,,,0.3132835030555725,0.32168278098106384,0.3253747522830963,0.3082304000854492,0.3075326085090637,,,,
category_aware,screw,datasets/MVTecAD/screw/test/thread_side/021.png,thread_side,scratch_neck,scratch_neck|scratch_head,False,False,,,,,,,,,,0.3165619373321533,0.32193854451179504,0.32737866044044495,0.31080129742622375,0.310184121131897,,,,
category_aware,screw,datasets/MVTecAD/screw/test/thread_side/022.png,thread_side,scratch_neck,scratch_neck|scratch_head,False,False,,,,,,,,,,0.3120226263999939,0.3170969784259796,0.31897303462028503,0.31327083706855774,0.3138488829135895,,,,
category_aware,screw,datasets/MVTecAD/screw/test/thread_top/000.png,thread_top,scratch_neck,scratch_neck|scratch_head,False,False,,,,,,,,,,0.30796122550964355,0.31015872955322266,0.31253188848495483,0.3032320439815521,0.3018607497215271,,,,
category_aware,screw,datasets/MVTecAD/screw/test/thread_top/001.png,thread_top,scratch_neck,scratch_neck|manipulated_front,False,False,,,,,,,,,,0.290693074464798,0.286739319562912,0.2914263606071472,0.2820448875427246,0.28242021799087524,,,,
category_aware,screw,datasets/MVTecAD/screw/test/thread_top/002.png,thread_top,scratch_neck,scratch_neck|scratch_head,False,False,,,,,,,,,,0.31010276079177856,0.315982460975647,0.31814509630203247,0.3091367781162262,0.30908074975013733,,,,
category_aware,screw,datasets/MVTecAD/screw/test/thread_top/003.png,thread_top,scratch_neck,scratch_neck|scratch_head,False,False,,,,,,,,,,0.3033425807952881,0.3086353838443756,0.3111906051635742,0.3034658432006836,0.3026753067970276,,,,
category_aware,screw,datasets/MVTecAD/screw/test/thread_top/004.png,thread_top,scratch_neck,scratch_neck|scratch_head,False,False,,,,,,,,,,0.3108644485473633,0.31243276596069336,0.31598520278930664,0.30574604868888855,0.3064381778240204,,,,
category_aware,screw,datasets/MVTecAD/screw/test/thread_top/005.png,thread_top,scratch_neck,scratch_neck|scratch_head,False,False,,,,,,,,,,0.3127170503139496,0.321500688791275,0.3226264417171478,0.31534260511398315,0.3153684437274933,,,,
category_aware,screw,datasets/MVTecAD/screw/test/thread_top/006.png,thread_top,scratch_neck,scratch_neck|scratch_head,False,False,,,,,,,,,,0.30373522639274597,0.30874139070510864,0.3110184669494629,0.29898902773857117,0.2988589406013489,,,,
category_aware,screw,datasets/MVTecAD/screw/test/thread_top/007.png,thread_top,scratch_neck,scratch_neck|scratch_head,False,False,,,,,,,,,,0.3162657618522644,0.32733115553855896,0.32836294174194336,0.3165481984615326,0.3158629834651947,,,,
category_aware,screw,datasets/MVTecAD/screw/test/thread_top/008.png,thread_top,scratch_neck,scratch_neck|scratch_head,False,False,,,,,,,,,,0.3186179995536804,0.33093467354774475,0.3318524956703186,0.3221602439880371,0.32266318798065186,,,,
category_aware,screw,datasets/MVTecAD/screw/test/thread_top/009.png,thread_top,manipulated_front,manipulated_front|scratch_neck,False,False,,,,,,,,,,0.2921210527420044,0.28540560603141785,0.2900051176548004,0.2759418487548828,0.2753489017486572,,,,
category_aware,screw,datasets/MVTecAD/screw/test/thread_top/010.png,thread_top,scratch_neck,scratch_neck|scratch_head,False,False,,,,,,,,,,0.29993683099746704,0.30053457617759705,0.3030685782432556,0.29727575182914734,0.29658043384552,,,,
category_aware,screw,datasets/MVTecAD/screw/test/thread_top/011.png,thread_top,scratch_neck,scratch_neck|scratch_head,False,False,,,,,,,,,,0.3087591528892517,0.3118732273578644,0.31391650438308716,0.30330583453178406,0.3035597503185272,,,,
category_aware,screw,datasets/MVTecAD/screw/test/thread_top/012.png,thread_top,scratch_neck,scratch_neck|scratch_head,False,False,,,,,,,,,,0.30126625299453735,0.30144885182380676,0.30560803413391113,0.2992230951786041,0.29902225732803345,,,,
category_aware,screw,datasets/MVTecAD/screw/test/thread_top/013.png,thread_top,scratch_neck,scratch_neck|scratch_head,False,False,,,,,,,,,,0.31562334299087524,0.3209303021430969,0.3230644166469574,0.3155883848667145,0.31577354669570923,,,,
category_aware,screw,datasets/MVTecAD/screw/test/thread_top/014.png,thread_top,scratch_neck,scratch_neck|scratch_head,False,False,,,,,,,,,,0.3085244596004486,0.31312063336372375,0.31668907403945923,0.30176278948783875,0.30208125710487366,,,,
category_aware,screw,datasets/MVTecAD/screw/test/thread_top/015.png,thread_top,scratch_neck,scratch_neck|scratch_head,False,False,,,,,,,,,,0.2987619638442993,0.3006117641925812,0.3029387295246124,0.2913121283054352,0.2913232743740082,,,,
category_aware,screw,datasets/MVTecAD/screw/test/thread_top/016.png,thread_top,scratch_neck,scratch_neck|scratch_head,False,False,,,,,,,,,,0.30116844177246094,0.3052125573158264,0.3094758093357086,0.3019515872001648,0.3017596900463104,,,,
category_aware,screw,datasets/MVTecAD/screw/test/thread_top/017.png,thread_top,scratch_neck,scratch_neck|scratch_head,False,False,,,,,,,,,,0.31071534752845764,0.3142385482788086,0.31745752692222595,0.31017106771469116,0.3107447326183319,,,,
category_aware,screw,datasets/MVTecAD/screw/test/thread_top/018.png,thread_top,scratch_neck,scratch_neck|scratch_head,False,False,,,,,,,,,,0.30397993326187134,0.30485889315605164,0.3090951442718506,0.2966335117816925,0.295533686876297,,,,
category_aware,screw,datasets/MVTecAD/screw/test/thread_top/019.png,thread_top,scratch_neck,scratch_neck|scratch_head,False,False,,,,,,,,,,0.31297028064727783,0.32329046726226807,0.32506293058395386,0.31531158089637756,0.3151506781578064,,,,
category_aware,screw,datasets/MVTecAD/screw/test/thread_top/020.png,thread_top,scratch_neck,scratch_neck|scratch_head,False,False,,,,,,,,,,0.31286582350730896,0.31746378540992737,0.3208841383457184,0.311369389295578,0.31131935119628906,,,,
category_aware,screw,datasets/MVTecAD/screw/test/thread_top/021.png,thread_top,scratch_neck,scratch_neck|scratch_head,False,False,,,,,,,,,,0.3108292520046234,0.3148860037326813,0.3211655616760254,0.3028259873390198,0.30205589532852173,,,,
category_aware,screw,datasets/MVTecAD/screw/test/thread_top/022.png,thread_top,scratch_neck,scratch_neck|scratch_head,False,False,,,,,,,,,,0.30249378085136414,0.3076660931110382,0.31120765209198,0.2956793010234833,0.2940673530101776,,,,
category_aware,wood,datasets/MVTecAD/wood/test/color/000.png,color,scratch,scratch|color,False,True,,,,,,0.3131360411643982,,,,,,,,,0.2985040247440338,0.28778383135795593,0.29443061351776123,0.3185732066631317
category_aware,wood,datasets/MVTecAD/wood/test/color/001.png,color,color,color|scratch,True,True,,,,,,0.34246399998664856,,,,,,,,,0.30997177958488464,0.306613028049469,0.3113595247268677,0.3297729194164276
category_aware,wood,datasets/MVTecAD/wood/test/color/002.png,color,color,color|scratch,True,True,,,,,,0.33851608633995056,,,,,,,,,0.3147805631160736,0.3179243803024292,0.3204836845397949,0.33378487825393677
category_aware,wood,datasets/MVTecAD/wood/test/color/003.png,color,scratch,scratch|combined,False,False,,,,,,0.29823294281959534,,,,,,,,,0.2984718978404999,0.29536545276641846,0.28985944390296936,0.3152916431427002
category_aware,wood,datasets/MVTecAD/wood/test/color/004.png,color,color,color|scratch,True,True,,,,,,0.319988876581192,,,,,,,,,0.28960689902305603,0.28611040115356445,0.2894238233566284,0.3108994662761688
category_aware,wood,datasets/MVTecAD/wood/test/color/005.png,color,scratch,scratch|color,False,True,,,,,,0.32215359807014465,,,,,,,,,0.3069970905780792,0.3157537281513214,0.3056873083114624,0.3331160247325897
category_aware,wood,datasets/MVTecAD/wood/test/color/006.png,color,color,color|scratch,True,True,,,,,,0.32719263434410095,,,,,,,,,0.29687580466270447,0.2980532944202423,0.29943937063217163,0.31631553173065186
category_aware,wood,datasets/MVTecAD/wood/test/color/007.png,color,color,color|scratch,True,True,,,,,,0.3313499093055725,,,,,,,,,0.2977827489376068,0.2950252592563629,0.3000778555870056,0.3197792172431946
category_aware,wood,datasets/MVTecAD/wood/test/combined/000.png,combined,scratch,scratch|color,False,False,,,,,,0.29776790738105774,,,,,,,,,0.28755706548690796,0.2912294268608093,0.2884316146373749,0.30056777596473694
category_aware,wood,datasets/MVTecAD/wood/test/combined/001.png,combined,hole,hole|scratch,False,False,,,,,,0.3089476525783539,,,,,,,,,0.2973077595233917,0.3213391602039337,0.2917495369911194,0.31951016187667847
category_aware,wood,datasets/MVTecAD/wood/test/combined/002.png,combined,color,color|scratch,False,False,,,,,,0.31056731939315796,,,,,,,,,0.297603964805603,0.3018566966056824,0.28756704926490784,0.3073357343673706
category_aware,wood,datasets/MVTecAD/wood/test/combined/003.png,combined,scratch,scratch|color,False,False,,,,,,0.28378820419311523,,,,,,,,,0.27928897738456726,0.28162574768066406,0.2762152850627899,0.30798056721687317
category_aware,wood,datasets/MVTecAD/wood/test/combined/004.png,combined,hole,hole|scratch,False,False,,,,,,0.27375343441963196,,,,,,,,,0.27381381392478943,0.3067556917667389,0.2748098075389862,0.2804952561855316
category_aware,wood,datasets/MVTecAD/wood/test/combined/005.png,combined,color,color|scratch,False,False,,,,,,0.32125207781791687,,,,,,,,,0.3003597557544708,0.29540273547172546,0.2946869134902954,0.31848853826522827
category_aware,wood,datasets/MVTecAD/wood/test/combined/006.png,combined,hole,hole|scratch,False,False,,,,,,0.28861549496650696,,,,,,,,,0.29217642545700073,0.3000970482826233,0.29287126660346985,0.29685601592063904
category_aware,wood,datasets/MVTecAD/wood/test/combined/007.png,combined,color,color|scratch,False,False,,,,,,0.30284586548805237,,,,,,,,,0.28056618571281433,0.2989397644996643,0.28218814730644226,0.29904159903526306
category_aware,wood,datasets/MVTecAD/wood/test/combined/008.png,combined,scratch,scratch|color,False,False,,,,,,0.3150709271430969,,,,,,,,,0.30140581727027893,0.31015631556510925,0.3004327714443207,0.3320833146572113
category_aware,wood,datasets/MVTecAD/wood/test/combined/009.png,combined,color,color|scratch,False,False,,,,,,0.30283984541893005,,,,,,,,,0.29105284810066223,0.2981656491756439,0.28789931535720825,0.3028053939342499
category_aware,wood,datasets/MVTecAD/wood/test/combined/010.png,combined,scratch,scratch|color,False,False,,,,,,0.3170630931854248,,,,,,,,,0.3010862469673157,0.3110406696796417,0.30332282185554504,0.3203030824661255
category_aware,wood,datasets/MVTecAD/wood/test/hole/000.png,hole,hole,hole|scratch,True,True,,,,,,0.30537721514701843,,,,,,,,,0.29257509112358093,0.31804537773132324,0.2883443832397461,0.3090669810771942
category_aware,wood,datasets/MVTecAD/wood/test/hole/001.png,hole,scratch,scratch|hole,False,True,,,,,,0.29757365584373474,,,,,,,,,0.291339635848999,0.30102023482322693,0.28727829456329346,0.31080538034439087
category_aware,wood,datasets/MVTecAD/wood/test/hole/002.png,hole,scratch,scratch|hole,False,True,,,,,,0.3197631537914276,,,,,,,,,0.31041428446769714,0.32283520698547363,0.3039000630378723,0.3298242390155792
category_aware,wood,datasets/MVTecAD/wood/test/hole/003.png,hole,scratch,scratch|color,False,False,,,,,,0.3089551627635956,,,,,,,,,0.3005978763103485,0.3045117259025574,0.29378241300582886,0.31485259532928467
category_aware,wood,datasets/MVTecAD/wood/test/hole/004.png,hole,color,color|scratch,False,False,,,,,,0.2922036051750183,,,,,,,,,0.28298085927963257,0.28121936321258545,0.2778988182544708,0.29035696387290955
category_aware,wood,datasets/MVTecAD/wood/test/hole/005.png,hole,color,color|scratch,False,False,,,,,,0.3019365966320038,,,,,,,,,0.2907564043998718,0.28219467401504517,0.2860174775123596,0.29973629117012024
category_aware,wood,datasets/MVTecAD/wood/test/hole/006.png,hole,color,color|scratch,False,False,,,,,,0.2981279790401459,,,,,,,,,0.28770381212234497,0.27683278918266296,0.28333064913749695,0.29390066862106323
category_aware,wood,datasets/MVTecAD/wood/test/hole/007.png,hole,scratch,scratch|color,False,False,,,,,,0.30960020422935486,,,,,,,,,0.2979976534843445,0.30434665083885193,0.2920517921447754,0.30973711609840393
category_aware,wood,datasets/MVTecAD/wood/test/hole/008.png,hole,color,color|scratch,False,False,,,,,,0.30747222900390625,,,,,,,,,0.29511478543281555,0.29776036739349365,0.2874692678451538,0.3052668273448944
category_aware,wood,datasets/MVTecAD/wood/test/hole/009.png,hole,color,color|scratch,False,False,,,,,,0.312157541513443,,,,,,,,,0.2929480969905853,0.3015708327293396,0.285278856754303,0.3063714802265167
category_aware,wood,datasets/MVTecAD/wood/test/liquid/000.png,liquid,scratch,scratch|color,False,False,,,,,,0.3024962842464447,,,,,,,,,0.29510700702667236,0.29135382175445557,0.2911835014820099,0.3074260354042053
category_aware,wood,datasets/MVTecAD/wood/test/liquid/001.png,liquid,scratch,scratch|color,False,False,,,,,,0.2938002943992615,,,,,,,,,0.28679364919662476,0.2795849144458771,0.2840171158313751,0.2956148087978363
category_aware,wood,datasets/MVTecAD/wood/test/liquid/002.png,liquid,scratch,scratch|color,False,False,,,,,,0.31592637300491333,,,,,,,,,0.30416539311408997,0.30200400948524475,0.3022738993167877,0.3203137218952179
category_aware,wood,datasets/MVTecAD/wood/test/liquid/003.png,liquid,color,color|scratch,False,False,,,,,,0.3075677752494812,,,,,,,,,0.291827917098999,0.2875378727912903,0.2900402545928955,0.3023228645324707
category_aware,wood,datasets/MVTecAD/wood/test/liquid/004.png,liquid,scratch,scratch|color,False,False,,,,,,0.3148534595966339,,,,,,,,,0.3015211522579193,0.294643759727478,0.2984674572944641,0.31515708565711975
category_aware,wood,datasets/MVTecAD/wood/test/liquid/005.png,liquid,color,color|scratch,False,False,,,,,,0.32026565074920654,,,,,,,,,0.30732259154319763,0.2926972210407257,0.3033613860607147,0.31467393040657043
category_aware,wood,datasets/MVTecAD/wood/test/liquid/006.png,liquid,color,color|scratch,False,False,,,,,,0.3241666257381439,,,,,,,,,0.3090200424194336,0.2987797260284424,0.3062353730201721,0.3216831684112549
category_aware,wood,datasets/MVTecAD/wood/test/liquid/007.png,liquid,scratch,scratch|color,False,False,,,,,,0.31108173727989197,,,,,,,,,0.3012772500514984,0.3077312111854553,0.30185651779174805,0.31536465883255005
category_aware,wood,datasets/MVTecAD/wood/test/liquid/008.png,liquid,scratch,scratch|color,False,False,,,,,,0.2905275821685791,,,,,,,,,0.28630027174949646,0.28453749418258667,0.28870126605033875,0.3025907576084137
category_aware,wood,datasets/MVTecAD/wood/test/liquid/009.png,liquid,scratch,scratch|color,False,False,,,,,,0.31497880816459656,,,,,,,,,0.2957371175289154,0.3071678578853607,0.3027655780315399,0.3180997371673584
category_aware,wood,datasets/MVTecAD/wood/test/scratch/000.png,scratch,scratch,scratch|combined,True,True,,,,,,0.29145511984825134,,,,,,,,,0.29203373193740845,0.27187466621398926,0.2893199026584625,0.2948381304740906
category_aware,wood,datasets/MVTecAD/wood/test/scratch/001.png,scratch,color,color|scratch,False,True,,,,,,0.3037594258785248,,,,,,,,,0.29316169023513794,0.2705477774143219,0.2847578227519989,0.3007414937019348
category_aware,wood,datasets/MVTecAD/wood/test/scratch/002.png,scratch,scratch,scratch|combined,True,True,,,,,,0.3061142861843109,,,,,,,,,0.3166404068470001,0.302074134349823,0.3098716139793396,0.32991528511047363
category_aware,wood,datasets/MVTecAD/wood/test/scratch/003.png,scratch,scratch,scratch|combined,True,True,,,,,,0.31234291195869446,,,,,,,,,0.31442999839782715,0.2887842357158661,0.304766982793808,0.32142454385757446
category_aware,wood,datasets/MVTecAD/wood/test/scratch/004.png,scratch,scratch,scratch|color,True,True,,,,,,0.3017747700214386,,,,,,,,,0.2956008017063141,0.2826937139034271,0.28956976532936096,0.30774158239364624
category_aware,wood,datasets/MVTecAD/wood/test/scratch/005.png,scratch,scratch,scratch|combined,True,True,,,,,,0.2818448543548584,,,,,,,,,0.29574528336524963,0.2797390818595886,0.29001715779304504,0.30045440793037415
category_aware,wood,datasets/MVTecAD/wood/test/scratch/006.png,scratch,color,color|scratch,False,True,,,,,,0.29552650451660156,,,,,,,,,0.28023168444633484,0.2616783380508423,0.27792975306510925,0.29148077964782715
category_aware,wood,datasets/MVTecAD/wood/test/scratch/007.png,scratch,scratch,scratch|combined,True,True,,,,,,0.30051490664482117,,,,,,,,,0.30363157391548157,0.300094872713089,0.2978132367134094,0.32395970821380615
category_aware,wood,datasets/MVTecAD/wood/test/scratch/008.png,scratch,scratch,scratch|color,True,True,,,,,,0.3086637556552887,,,,,,,,,0.30663299560546875,0.2876412570476532,0.30397549271583557,0.32027414441108704
category_aware,wood,datasets/MVTecAD/wood/test/scratch/009.png,scratch,scratch,scratch|color,True,True,,,,,,0.29577648639678955,,,,,,,,,0.2914256751537323,0.2778179943561554,0.2847161889076233,0.3045280873775482
category_aware,wood,datasets/MVTecAD/wood/test/scratch/010.png,scratch,scratch,scratch|hole,True,True,,,,,,0.28895488381385803,,,,,,,,,0.2888047397136688,0.28982123732566833,0.28269222378730774,0.31187281012535095
category_aware,wood,datasets/MVTecAD/wood/test/scratch/011.png,scratch,scratch,scratch|color,True,True,,,,,,0.3199024796485901,,,,,,,,,0.31274840235710144,0.30900081992149353,0.30823880434036255,0.32142749428749084
category_aware,wood,datasets/MVTecAD/wood/test/scratch/012.png,scratch,scratch,scratch|color,True,True,,,,,,0.3217364549636841,,,,,,,,,0.3167996406555176,0.30516743659973145,0.31749409437179565,0.33213019371032715
category_aware,wood,datasets/MVTecAD/wood/test/scratch/013.png,scratch,scratch,scratch|color,True,True,,,,,,0.3075525462627411,,,,,,,,,0.30730345845222473,0.29280030727386475,0.29767659306526184,0.3208341896533966
category_aware,wood,datasets/MVTecAD/wood/test/scratch/014.png,scratch,scratch,scratch|color,True,True,,,,,,0.3215313255786896,,,,,,,,,0.3119983673095703,0.3038772642612457,0.31150609254837036,0.33492448925971985
category_aware,wood,datasets/MVTecAD/wood/test/scratch/015.png,scratch,scratch,scratch|color,True,True,,,,,,0.3006490170955658,,,,,,,,,0.2941506505012512,0.2826228737831116,0.28780505061149597,0.3097427487373352
category_aware,wood,datasets/MVTecAD/wood/test/scratch/016.png,scratch,scratch,scratch|combined,True,True,,,,,,0.27288469672203064,,,,,,,,,0.27681171894073486,0.26600009202957153,0.2719431221485138,0.2881266474723816
category_aware,wood,datasets/MVTecAD/wood/test/scratch/017.png,scratch,scratch,scratch|color,True,True,,,,,,0.3123508393764496,,,,,,,,,0.302459716796875,0.285666823387146,0.3000427484512329,0.3152226209640503
category_aware,wood,datasets/MVTecAD/wood/test/scratch/018.png,scratch,combined,combined|liquid,False,False,,,,,,0.2903156280517578,,,,,,,,,0.30830118060112,0.2751690447330475,0.29588672518730164,0.2929469645023346
category_aware,wood,datasets/MVTecAD/wood/test/scratch/019.png,scratch,scratch,scratch|color,True,True,,,,,,0.30534714460372925,,,,,,,,,0.30133312940597534,0.29276663064956665,0.2986780107021332,0.3197292983531952
category_aware,wood,datasets/MVTecAD/wood/test/scratch/020.png,scratch,scratch,scratch|color,True,True,,,,,,0.28477826714515686,,,,,,,,,0.27967190742492676,0.2682012915611267,0.2761862576007843,0.2885880768299103
