dataset,category,image_path,canonical_image_path,label,is_anomaly,image_score,image_threshold,pred_is_anomaly,image_correct
VisA,pipe_fryum,/root/private_data/iad-vlm-anomaly/datasets/VisA_anomalib_1cls/pipe_fryum/test/anomaly/pipe_fryum_test_anomaly_000.JPG,datasets/VisA_anomalib_1cls/pipe_fryum/test/anomaly/pipe_fryum_test_anomaly_000.JPG,anomaly,1,0.8861464262008667,0.5,1,1
VisA,pipe_fryum,/root/private_data/iad-vlm-anomaly/datasets/VisA_anomalib_1cls/pipe_fryum/test/anomaly/pipe_fryum_test_anomaly_001.JPG,datasets/VisA_anomalib_1cls/pipe_fryum/test/anomaly/pipe_fryum_test_anomaly_001.JPG,anomaly,1,0.6509933471679688,0.5,1,1
VisA,pipe_fryum,/root/private_data/iad-vlm-anomaly/datasets/VisA_anomalib_1cls/pipe_fryum/test/anomaly/pipe_fryum_test_anomaly_002.JPG,datasets/VisA_anomalib_1cls/pipe_fryum/test/anomaly/pipe_fryum_test_anomaly_002.JPG,anomaly,1,0.9600206017494202,0.5,1,1
VisA,pipe_fryum,/root/private_data/iad-vlm-anomaly/datasets/VisA_anomalib_1cls/pipe_fryum/test/anomaly/pipe_fryum_test_anomaly_003.JPG,datasets/VisA_anomalib_1cls/pipe_fryum/test/anomaly/pipe_fryum_test_anomaly_003.JPG,anomaly,1,0.878421425819397,0.5,1,1
VisA,pipe_fryum,/root/private_data/iad-vlm-anomaly/datasets/VisA_anomalib_1cls/pipe_fryum/test/anomaly/pipe_fryum_test_anomaly_004.JPG,datasets/VisA_anomalib_1cls/pipe_fryum/test/anomaly/pipe_fryum_test_anomaly_004.JPG,anomaly,1,0.6593747735023499,0.5,1,1
VisA,pipe_fryum,/root/private_data/iad-vlm-anomaly/datasets/VisA_anomalib_1cls/pipe_fryum/test/anomaly/pipe_fryum_test_anomaly_005.JPG,datasets/VisA_anomalib_1cls/pipe_fryum/test/anomaly/pipe_fryum_test_anomaly_005.JPG,anomaly,1,0.7924093008041382,0.5,1,1
VisA,pipe_fryum,/root/private_data/iad-vlm-anomaly/datasets/VisA_anomalib_1cls/pipe_fryum/test/anomaly/pipe_fryum_test_anomaly_006.JPG,datasets/VisA_anomalib_1cls/pipe_fryum/test/anomaly/pipe_fryum_test_anomaly_006.JPG,anomaly,1,0.514316976070404,0.5,1,1
VisA,pipe_fryum,/root/private_data/iad-vlm-anomaly/datasets/VisA_anomalib_1cls/pipe_fryum/test/anomaly/pipe_fryum_test_anomaly_007.JPG,datasets/VisA_anomalib_1cls/pipe_fryum/test/anomaly/pipe_fryum_test_anomaly_007.JPG,anomaly,1,0.6182772517204285,0.5,1,1
VisA,pipe_fryum,/root/private_data/iad-vlm-anomaly/datasets/VisA_anomalib_1cls/pipe_fryum/test/anomaly/pipe_fryum_test_anomaly_008.JPG,datasets/VisA_anomalib_1cls/pipe_fryum/test/anomaly/pipe_fryum_test_anomaly_008.JPG,anomaly,1,0.8551231622695923,0.5,1,1
VisA,pipe_fryum,/root/private_data/iad-vlm-anomaly/datasets/VisA_anomalib_1cls/pipe_fryum/test/anomaly/pipe_fryum_test_anomaly_009.JPG,datasets/VisA_anomalib_1cls/pipe_fryum/test/anomaly/pipe_fryum_test_anomaly_009.JPG,anomaly,1,0.8740936517715454,0.5,1,1
VisA,pipe_fryum,/root/private_data/iad-vlm-anomaly/datasets/VisA_anomalib_1cls/pipe_fryum/test/anomaly/pipe_fryum_test_anomaly_010.JPG,datasets/VisA_anomalib_1cls/pipe_fryum/test/anomaly/pipe_fryum_test_anomaly_010.JPG,anomaly,1,0.9068388938903809,0.5,1,1
VisA,pipe_fryum,/root/private_data/iad-vlm-anomaly/datasets/VisA_anomalib_1cls/pipe_fryum/test/anomaly/pipe_fryum_test_anomaly_011.JPG,datasets/VisA_anomalib_1cls/pipe_fryum/test/anomaly/pipe_fryum_test_anomaly_011.JPG,anomaly,1,1.0,0.5,1,1
VisA,pipe_fryum,/root/private_data/iad-vlm-anomaly/datasets/VisA_anomalib_1cls/pipe_fryum/test/anomaly/pipe_fryum_test_anomaly_012.JPG,datasets/VisA_anomalib_1cls/pipe_fryum/test/anomaly/pipe_fryum_test_anomaly_012.JPG,anomaly,1,1.0,0.5,1,1
VisA,pipe_fryum,/root/private_data/iad-vlm-anomaly/datasets/VisA_anomalib_1cls/pipe_fryum/test/anomaly/pipe_fryum_test_anomaly_013.JPG,datasets/VisA_anomalib_1cls/pipe_fryum/test/anomaly/pipe_fryum_test_anomaly_013.JPG,anomaly,1,0.8151448369026184,0.5,1,1
VisA,pipe_fryum,/root/private_data/iad-vlm-anomaly/datasets/VisA_anomalib_1cls/pipe_fryum/test/anomaly/pipe_fryum_test_anomaly_014.JPG,datasets/VisA_anomalib_1cls/pipe_fryum/test/anomaly/pipe_fryum_test_anomaly_014.JPG,anomaly,1,0.9474359750747681,0.5,1,1
VisA,pipe_fryum,/root/private_data/iad-vlm-anomaly/datasets/VisA_anomalib_1cls/pipe_fryum/test/anomaly/pipe_fryum_test_anomaly_015.JPG,datasets/VisA_anomalib_1cls/pipe_fryum/test/anomaly/pipe_fryum_test_anomaly_015.JPG,anomaly,1,0.6769610643386841,0.5,1,1
VisA,pipe_fryum,/root/private_data/iad-vlm-anomaly/datasets/VisA_anomalib_1cls/pipe_fryum/test/anomaly/pipe_fryum_test_anomaly_016.JPG,datasets/VisA_anomalib_1cls/pipe_fryum/test/anomaly/pipe_fryum_test_anomaly_016.JPG,anomaly,1,0.662344753742218,0.5,1,1
VisA,pipe_fryum,/root/private_data/iad-vlm-anomaly/datasets/VisA_anomalib_1cls/pipe_fryum/test/anomaly/pipe_fryum_test_anomaly_017.JPG,datasets/VisA_anomalib_1cls/pipe_fryum/test/anomaly/pipe_fryum_test_anomaly_017.JPG,anomaly,1,0.5741925239562988,0.5,1,1
VisA,pipe_fryum,/root/private_data/iad-vlm-anomaly/datasets/VisA_anomalib_1cls/pipe_fryum/test/anomaly/pipe_fryum_test_anomaly_018.JPG,datasets/VisA_anomalib_1cls/pipe_fryum/test/anomaly/pipe_fryum_test_anomaly_018.JPG,anomaly,1,0.5740758180618286,0.5,1,1
VisA,pipe_fryum,/root/private_data/iad-vlm-anomaly/datasets/VisA_anomalib_1cls/pipe_fryum/test/anomaly/pipe_fryum_test_anomaly_019.JPG,datasets/VisA_anomalib_1cls/pipe_fryum/test/anomaly/pipe_fryum_test_anomaly_019.JPG,anomaly,1,0.6986293792724609,0.5,1,1
VisA,pipe_fryum,/root/private_data/iad-vlm-anomaly/datasets/VisA_anomalib_1cls/pipe_fryum/test/anomaly/pipe_fryum_test_anomaly_020.JPG,datasets/VisA_anomalib_1cls/pipe_fryum/test/anomaly/pipe_fryum_test_anomaly_020.JPG,anomaly,1,0.6652609705924988,0.5,1,1
VisA,pipe_fryum,/root/private_data/iad-vlm-anomaly/datasets/VisA_anomalib_1cls/pipe_fryum/test/anomaly/pipe_fryum_test_anomaly_021.JPG,datasets/VisA_anomalib_1cls/pipe_fryum/test/anomaly/pipe_fryum_test_anomaly_021.JPG,anomaly,1,0.6625874042510986,0.5,1,1
VisA,pipe_fryum,/root/private_data/iad-vlm-anomaly/datasets/VisA_anomalib_1cls/pipe_fryum/test/anomaly/pipe_fryum_test_anomaly_022.JPG,datasets/VisA_anomalib_1cls/pipe_fryum/test/anomaly/pipe_fryum_test_anomaly_022.JPG,anomaly,1,0.5978423357009888,0.5,1,1
VisA,pipe_fryum,/root/private_data/iad-vlm-anomaly/datasets/VisA_anomalib_1cls/pipe_fryum/test/anomaly/pipe_fryum_test_anomaly_023.JPG,datasets/VisA_anomalib_1cls/pipe_fryum/test/anomaly/pipe_fryum_test_anomaly_023.JPG,anomaly,1,0.7276595830917358,0.5,1,1
VisA,pipe_fryum,/root/private_data/iad-vlm-anomaly/datasets/VisA_anomalib_1cls/pipe_fryum/test/anomaly/pipe_fryum_test_anomaly_024.JPG,datasets/VisA_anomalib_1cls/pipe_fryum/test/anomaly/pipe_fryum_test_anomaly_024.JPG,anomaly,1,0.7417843341827393,0.5,1,1
VisA,pipe_fryum,/root/private_data/iad-vlm-anomaly/datasets/VisA_anomalib_1cls/pipe_fryum/test/anomaly/pipe_fryum_test_anomaly_025.JPG,datasets/VisA_anomalib_1cls/pipe_fryum/test/anomaly/pipe_fryum_test_anomaly_025.JPG,anomaly,1,0.7921685576438904,0.5,1,1
VisA,pipe_fryum,/root/private_data/iad-vlm-anomaly/datasets/VisA_anomalib_1cls/pipe_fryum/test/anomaly/pipe_fryum_test_anomaly_026.JPG,datasets/VisA_anomalib_1cls/pipe_fryum/test/anomaly/pipe_fryum_test_anomaly_026.JPG,anomaly,1,0.9000543355941772,0.5,1,1
VisA,pipe_fryum,/root/private_data/iad-vlm-anomaly/datasets/VisA_anomalib_1cls/pipe_fryum/test/anomaly/pipe_fryum_test_anomaly_027.JPG,datasets/VisA_anomalib_1cls/pipe_fryum/test/anomaly/pipe_fryum_test_anomaly_027.JPG,anomaly,1,0.5390533208847046,0.5,1,1
VisA,pipe_fryum,/root/private_data/iad-vlm-anomaly/datasets/VisA_anomalib_1cls/pipe_fryum/test/anomaly/pipe_fryum_test_anomaly_028.JPG,datasets/VisA_anomalib_1cls/pipe_fryum/test/anomaly/pipe_fryum_test_anomaly_028.JPG,anomaly,1,0.62130206823349,0.5,1,1
VisA,pipe_fryum,/root/private_data/iad-vlm-anomaly/datasets/VisA_anomalib_1cls/pipe_fryum/test/anomaly/pipe_fryum_test_anomaly_029.JPG,datasets/VisA_anomalib_1cls/pipe_fryum/test/anomaly/pipe_fryum_test_anomaly_029.JPG,anomaly,1,0.616077184677124,0.5,1,1
VisA,pipe_fryum,/root/private_data/iad-vlm-anomaly/datasets/VisA_anomalib_1cls/pipe_fryum/test/anomaly/pipe_fryum_test_anomaly_030.JPG,datasets/VisA_anomalib_1cls/pipe_fryum/test/anomaly/pipe_fryum_test_anomaly_030.JPG,anomaly,1,0.8366712331771851,0.5,1,1
VisA,pipe_fryum,/root/private_data/iad-vlm-anomaly/datasets/VisA_anomalib_1cls/pipe_fryum/test/anomaly/pipe_fryum_test_anomaly_031.JPG,datasets/VisA_anomalib_1cls/pipe_fryum/test/anomaly/pipe_fryum_test_anomaly_031.JPG,anomaly,1,0.9366916418075562,0.5,1,1
VisA,pipe_fryum,/root/private_data/iad-vlm-anomaly/datasets/VisA_anomalib_1cls/pipe_fryum/test/anomaly/pipe_fryum_test_anomaly_032.JPG,datasets/VisA_anomalib_1cls/pipe_fryum/test/anomaly/pipe_fryum_test_anomaly_032.JPG,anomaly,1,0.7777805328369141,0.5,1,1
VisA,pipe_fryum,/root/private_data/iad-vlm-anomaly/datasets/VisA_anomalib_1cls/pipe_fryum/test/anomaly/pipe_fryum_test_anomaly_033.JPG,datasets/VisA_anomalib_1cls/pipe_fryum/test/anomaly/pipe_fryum_test_anomaly_033.JPG,anomaly,1,0.5746858716011047,0.5,1,1
VisA,pipe_fryum,/root/private_data/iad-vlm-anomaly/datasets/VisA_anomalib_1cls/pipe_fryum/test/anomaly/pipe_fryum_test_anomaly_034.JPG,datasets/VisA_anomalib_1cls/pipe_fryum/test/anomaly/pipe_fryum_test_anomaly_034.JPG,anomaly,1,0.8280736207962036,0.5,1,1
VisA,pipe_fryum,/root/private_data/iad-vlm-anomaly/datasets/VisA_anomalib_1cls/pipe_fryum/test/anomaly/pipe_fryum_test_anomaly_035.JPG,datasets/VisA_anomalib_1cls/pipe_fryum/test/anomaly/pipe_fryum_test_anomaly_035.JPG,anomaly,1,0.8132458329200745,0.5,1,1
VisA,pipe_fryum,/root/private_data/iad-vlm-anomaly/datasets/VisA_anomalib_1cls/pipe_fryum/test/anomaly/pipe_fryum_test_anomaly_036.JPG,datasets/VisA_anomalib_1cls/pipe_fryum/test/anomaly/pipe_fryum_test_anomaly_036.JPG,anomaly,1,0.7415708303451538,0.5,1,1
VisA,pipe_fryum,/root/private_data/iad-vlm-anomaly/datasets/VisA_anomalib_1cls/pipe_fryum/test/anomaly/pipe_fryum_test_anomaly_037.JPG,datasets/VisA_anomalib_1cls/pipe_fryum/test/anomaly/pipe_fryum_test_anomaly_037.JPG,anomaly,1,0.9600489735603333,0.5,1,1
VisA,pipe_fryum,/root/private_data/iad-vlm-anomaly/datasets/VisA_anomalib_1cls/pipe_fryum/test/anomaly/pipe_fryum_test_anomaly_038.JPG,datasets/VisA_anomalib_1cls/pipe_fryum/test/anomaly/pipe_fryum_test_anomaly_038.JPG,anomaly,1,0.6363296508789062,0.5,1,1
VisA,pipe_fryum,/root/private_data/iad-vlm-anomaly/datasets/VisA_anomalib_1cls/pipe_fryum/test/anomaly/pipe_fryum_test_anomaly_039.JPG,datasets/VisA_anomalib_1cls/pipe_fryum/test/anomaly/pipe_fryum_test_anomaly_039.JPG,anomaly,1,0.8076779842376709,0.5,1,1
VisA,pipe_fryum,/root/private_data/iad-vlm-anomaly/datasets/VisA_anomalib_1cls/pipe_fryum/test/anomaly/pipe_fryum_test_anomaly_040.JPG,datasets/VisA_anomalib_1cls/pipe_fryum/test/anomaly/pipe_fryum_test_anomaly_040.JPG,anomaly,1,1.0,0.5,1,1
VisA,pipe_fryum,/root/private_data/iad-vlm-anomaly/datasets/VisA_anomalib_1cls/pipe_fryum/test/anomaly/pipe_fryum_test_anomaly_041.JPG,datasets/VisA_anomalib_1cls/pipe_fryum/test/anomaly/pipe_fryum_test_anomaly_041.JPG,anomaly,1,1.0,0.5,1,1
VisA,pipe_fryum,/root/private_data/iad-vlm-anomaly/datasets/VisA_anomalib_1cls/pipe_fryum/test/anomaly/pipe_fryum_test_anomaly_042.JPG,datasets/VisA_anomalib_1cls/pipe_fryum/test/anomaly/pipe_fryum_test_anomaly_042.JPG,anomaly,1,1.0,0.5,1,1
VisA,pipe_fryum,/root/private_data/iad-vlm-anomaly/datasets/VisA_anomalib_1cls/pipe_fryum/test/anomaly/pipe_fryum_test_anomaly_043.JPG,datasets/VisA_anomalib_1cls/pipe_fryum/test/anomaly/pipe_fryum_test_anomaly_043.JPG,anomaly,1,1.0,0.5,1,1
VisA,pipe_fryum,/root/private_data/iad-vlm-anomaly/datasets/VisA_anomalib_1cls/pipe_fryum/test/anomaly/pipe_fryum_test_anomaly_044.JPG,datasets/VisA_anomalib_1cls/pipe_fryum/test/anomaly/pipe_fryum_test_anomaly_044.JPG,anomaly,1,1.0,0.5,1,1
VisA,pipe_fryum,/root/private_data/iad-vlm-anomaly/datasets/VisA_anomalib_1cls/pipe_fryum/test/anomaly/pipe_fryum_test_anomaly_045.JPG,datasets/VisA_anomalib_1cls/pipe_fryum/test/anomaly/pipe_fryum_test_anomaly_045.JPG,anomaly,1,1.0,0.5,1,1
VisA,pipe_fryum,/root/private_data/iad-vlm-anomaly/datasets/VisA_anomalib_1cls/pipe_fryum/test/anomaly/pipe_fryum_test_anomaly_046.JPG,datasets/VisA_anomalib_1cls/pipe_fryum/test/anomaly/pipe_fryum_test_anomaly_046.JPG,anomaly,1,1.0,0.5,1,1
VisA,pipe_fryum,/root/private_data/iad-vlm-anomaly/datasets/VisA_anomalib_1cls/pipe_fryum/test/anomaly/pipe_fryum_test_anomaly_047.JPG,datasets/VisA_anomalib_1cls/pipe_fryum/test/anomaly/pipe_fryum_test_anomaly_047.JPG,anomaly,1,1.0,0.5,1,1
VisA,pipe_fryum,/root/private_data/iad-vlm-anomaly/datasets/VisA_anomalib_1cls/pipe_fryum/test/anomaly/pipe_fryum_test_anomaly_048.JPG,datasets/VisA_anomalib_1cls/pipe_fryum/test/anomaly/pipe_fryum_test_anomaly_048.JPG,anomaly,1,1.0,0.5,1,1
VisA,pipe_fryum,/root/private_data/iad-vlm-anomaly/datasets/VisA_anomalib_1cls/pipe_fryum/test/anomaly/pipe_fryum_test_anomaly_049.JPG,datasets/VisA_anomalib_1cls/pipe_fryum/test/anomaly/pipe_fryum_test_anomaly_049.JPG,anomaly,1,1.0,0.5,1,1
VisA,pipe_fryum,/root/private_data/iad-vlm-anomaly/datasets/VisA_anomalib_1cls/pipe_fryum/test/anomaly/pipe_fryum_test_anomaly_050.JPG,datasets/VisA_anomalib_1cls/pipe_fryum/test/anomaly/pipe_fryum_test_anomaly_050.JPG,anomaly,1,0.5786322951316833,0.5,1,1
VisA,pipe_fryum,/root/private_data/iad-vlm-anomaly/datasets/VisA_anomalib_1cls/pipe_fryum/test/anomaly/pipe_fryum_test_anomaly_051.JPG,datasets/VisA_anomalib_1cls/pipe_fryum/test/anomaly/pipe_fryum_test_anomaly_051.JPG,anomaly,1,0.7949771881103516,0.5,1,1
VisA,pipe_fryum,/root/private_data/iad-vlm-anomaly/datasets/VisA_anomalib_1cls/pipe_fryum/test/anomaly/pipe_fryum_test_anomaly_052.JPG,datasets/VisA_anomalib_1cls/pipe_fryum/test/anomaly/pipe_fryum_test_anomaly_052.JPG,anomaly,1,0.5942614078521729,0.5,1,1
VisA,pipe_fryum,/root/private_data/iad-vlm-anomaly/datasets/VisA_anomalib_1cls/pipe_fryum/test/anomaly/pipe_fryum_test_anomaly_053.JPG,datasets/VisA_anomalib_1cls/pipe_fryum/test/anomaly/pipe_fryum_test_anomaly_053.JPG,anomaly,1,0.43497568368911743,0.5,0,0
VisA,pipe_fryum,/root/private_data/iad-vlm-anomaly/datasets/VisA_anomalib_1cls/pipe_fryum/test/anomaly/pipe_fryum_test_anomaly_054.JPG,datasets/VisA_anomalib_1cls/pipe_fryum/test/anomaly/pipe_fryum_test_anomaly_054.JPG,anomaly,1,0.5547071099281311,0.5,1,1
VisA,pipe_fryum,/root/private_data/iad-vlm-anomaly/datasets/VisA_anomalib_1cls/pipe_fryum/test/anomaly/pipe_fryum_test_anomaly_055.JPG,datasets/VisA_anomalib_1cls/pipe_fryum/test/anomaly/pipe_fryum_test_anomaly_055.JPG,anomaly,1,0.7259505987167358,0.5,1,1
VisA,pipe_fryum,/root/private_data/iad-vlm-anomaly/datasets/VisA_anomalib_1cls/pipe_fryum/test/anomaly/pipe_fryum_test_anomaly_056.JPG,datasets/VisA_anomalib_1cls/pipe_fryum/test/anomaly/pipe_fryum_test_anomaly_056.JPG,anomaly,1,0.5,0.5,1,1
VisA,pipe_fryum,/root/private_data/iad-vlm-anomaly/datasets/VisA_anomalib_1cls/pipe_fryum/test/anomaly/pipe_fryum_test_anomaly_057.JPG,datasets/VisA_anomalib_1cls/pipe_fryum/test/anomaly/pipe_fryum_test_anomaly_057.JPG,anomaly,1,0.7154529094696045,0.5,1,1
VisA,pipe_fryum,/root/private_data/iad-vlm-anomaly/datasets/VisA_anomalib_1cls/pipe_fryum/test/anomaly/pipe_fryum_test_anomaly_058.JPG,datasets/VisA_anomalib_1cls/pipe_fryum/test/anomaly/pipe_fryum_test_anomaly_058.JPG,anomaly,1,0.8788479566574097,0.5,1,1
VisA,pipe_fryum,/root/private_data/iad-vlm-anomaly/datasets/VisA_anomalib_1cls/pipe_fryum/test/anomaly/pipe_fryum_test_anomaly_059.JPG,datasets/VisA_anomalib_1cls/pipe_fryum/test/anomaly/pipe_fryum_test_anomaly_059.JPG,anomaly,1,0.7230984568595886,0.5,1,1
VisA,pipe_fryum,/root/private_data/iad-vlm-anomaly/datasets/VisA_anomalib_1cls/pipe_fryum/test/anomaly/pipe_fryum_test_anomaly_060.JPG,datasets/VisA_anomalib_1cls/pipe_fryum/test/anomaly/pipe_fryum_test_anomaly_060.JPG,anomaly,1,0.7611804008483887,0.5,1,1
VisA,pipe_fryum,/root/private_data/iad-vlm-anomaly/datasets/VisA_anomalib_1cls/pipe_fryum/test/anomaly/pipe_fryum_test_anomaly_061.JPG,datasets/VisA_anomalib_1cls/pipe_fryum/test/anomaly/pipe_fryum_test_anomaly_061.JPG,anomaly,1,0.6904500722885132,0.5,1,1
VisA,pipe_fryum,/root/private_data/iad-vlm-anomaly/datasets/VisA_anomalib_1cls/pipe_fryum/test/anomaly/pipe_fryum_test_anomaly_062.JPG,datasets/VisA_anomalib_1cls/pipe_fryum/test/anomaly/pipe_fryum_test_anomaly_062.JPG,anomaly,1,0.5891462564468384,0.5,1,1
VisA,pipe_fryum,/root/private_data/iad-vlm-anomaly/datasets/VisA_anomalib_1cls/pipe_fryum/test/anomaly/pipe_fryum_test_anomaly_063.JPG,datasets/VisA_anomalib_1cls/pipe_fryum/test/anomaly/pipe_fryum_test_anomaly_063.JPG,anomaly,1,0.5153018236160278,0.5,1,1
VisA,pipe_fryum,/root/private_data/iad-vlm-anomaly/datasets/VisA_anomalib_1cls/pipe_fryum/test/anomaly/pipe_fryum_test_anomaly_064.JPG,datasets/VisA_anomalib_1cls/pipe_fryum/test/anomaly/pipe_fryum_test_anomaly_064.JPG,anomaly,1,0.6599862575531006,0.5,1,1
VisA,pipe_fryum,/root/private_data/iad-vlm-anomaly/datasets/VisA_anomalib_1cls/pipe_fryum/test/anomaly/pipe_fryum_test_anomaly_065.JPG,datasets/VisA_anomalib_1cls/pipe_fryum/test/anomaly/pipe_fryum_test_anomaly_065.JPG,anomaly,1,0.8491936922073364,0.5,1,1
VisA,pipe_fryum,/root/private_data/iad-vlm-anomaly/datasets/VisA_anomalib_1cls/pipe_fryum/test/anomaly/pipe_fryum_test_anomaly_066.JPG,datasets/VisA_anomalib_1cls/pipe_fryum/test/anomaly/pipe_fryum_test_anomaly_066.JPG,anomaly,1,0.9351496696472168,0.5,1,1
VisA,pipe_fryum,/root/private_data/iad-vlm-anomaly/datasets/VisA_anomalib_1cls/pipe_fryum/test/anomaly/pipe_fryum_test_anomaly_067.JPG,datasets/VisA_anomalib_1cls/pipe_fryum/test/anomaly/pipe_fryum_test_anomaly_067.JPG,anomaly,1,0.8303591012954712,0.5,1,1
VisA,pipe_fryum,/root/private_data/iad-vlm-anomaly/datasets/VisA_anomalib_1cls/pipe_fryum/test/anomaly/pipe_fryum_test_anomaly_068.JPG,datasets/VisA_anomalib_1cls/pipe_fryum/test/anomaly/pipe_fryum_test_anomaly_068.JPG,anomaly,1,0.6325907111167908,0.5,1,1
VisA,pipe_fryum,/root/private_data/iad-vlm-anomaly/datasets/VisA_anomalib_1cls/pipe_fryum/test/anomaly/pipe_fryum_test_anomaly_069.JPG,datasets/VisA_anomalib_1cls/pipe_fryum/test/anomaly/pipe_fryum_test_anomaly_069.JPG,anomaly,1,0.6477025151252747,0.5,1,1
VisA,pipe_fryum,/root/private_data/iad-vlm-anomaly/datasets/VisA_anomalib_1cls/pipe_fryum/test/anomaly/pipe_fryum_test_anomaly_070.JPG,datasets/VisA_anomalib_1cls/pipe_fryum/test/anomaly/pipe_fryum_test_anomaly_070.JPG,anomaly,1,0.6524516344070435,0.5,1,1
VisA,pipe_fryum,/root/private_data/iad-vlm-anomaly/datasets/VisA_anomalib_1cls/pipe_fryum/test/anomaly/pipe_fryum_test_anomaly_071.JPG,datasets/VisA_anomalib_1cls/pipe_fryum/test/anomaly/pipe_fryum_test_anomaly_071.JPG,anomaly,1,0.9141955375671387,0.5,1,1
VisA,pipe_fryum,/root/private_data/iad-vlm-anomaly/datasets/VisA_anomalib_1cls/pipe_fryum/test/anomaly/pipe_fryum_test_anomaly_072.JPG,datasets/VisA_anomalib_1cls/pipe_fryum/test/anomaly/pipe_fryum_test_anomaly_072.JPG,anomaly,1,0.5796740055084229,0.5,1,1
VisA,pipe_fryum,/root/private_data/iad-vlm-anomaly/datasets/VisA_anomalib_1cls/pipe_fryum/test/anomaly/pipe_fryum_test_anomaly_073.JPG,datasets/VisA_anomalib_1cls/pipe_fryum/test/anomaly/pipe_fryum_test_anomaly_073.JPG,anomaly,1,0.5891484618186951,0.5,1,1
VisA,pipe_fryum,/root/private_data/iad-vlm-anomaly/datasets/VisA_anomalib_1cls/pipe_fryum/test/anomaly/pipe_fryum_test_anomaly_074.JPG,datasets/VisA_anomalib_1cls/pipe_fryum/test/anomaly/pipe_fryum_test_anomaly_074.JPG,anomaly,1,0.5820280313491821,0.5,1,1
VisA,pipe_fryum,/root/private_data/iad-vlm-anomaly/datasets/VisA_anomalib_1cls/pipe_fryum/test/anomaly/pipe_fryum_test_anomaly_075.JPG,datasets/VisA_anomalib_1cls/pipe_fryum/test/anomaly/pipe_fryum_test_anomaly_075.JPG,anomaly,1,0.6025717854499817,0.5,1,1
VisA,pipe_fryum,/root/private_data/iad-vlm-anomaly/datasets/VisA_anomalib_1cls/pipe_fryum/test/anomaly/pipe_fryum_test_anomaly_076.JPG,datasets/VisA_anomalib_1cls/pipe_fryum/test/anomaly/pipe_fryum_test_anomaly_076.JPG,anomaly,1,0.608801543712616,0.5,1,1
VisA,pipe_fryum,/root/private_data/iad-vlm-anomaly/datasets/VisA_anomalib_1cls/pipe_fryum/test/anomaly/pipe_fryum_test_anomaly_077.JPG,datasets/VisA_anomalib_1cls/pipe_fryum/test/anomaly/pipe_fryum_test_anomaly_077.JPG,anomaly,1,0.7073007822036743,0.5,1,1
VisA,pipe_fryum,/root/private_data/iad-vlm-anomaly/datasets/VisA_anomalib_1cls/pipe_fryum/test/anomaly/pipe_fryum_test_anomaly_078.JPG,datasets/VisA_anomalib_1cls/pipe_fryum/test/anomaly/pipe_fryum_test_anomaly_078.JPG,anomaly,1,0.7114697694778442,0.5,1,1
VisA,pipe_fryum,/root/private_data/iad-vlm-anomaly/datasets/VisA_anomalib_1cls/pipe_fryum/test/anomaly/pipe_fryum_test_anomaly_079.JPG,datasets/VisA_anomalib_1cls/pipe_fryum/test/anomaly/pipe_fryum_test_anomaly_079.JPG,anomaly,1,0.7723115682601929,0.5,1,1
VisA,pipe_fryum,/root/private_data/iad-vlm-anomaly/datasets/VisA_anomalib_1cls/pipe_fryum/test/anomaly/pipe_fryum_test_anomaly_080.JPG,datasets/VisA_anomalib_1cls/pipe_fryum/test/anomaly/pipe_fryum_test_anomaly_080.JPG,anomaly,1,0.6816520690917969,0.5,1,1
VisA,pipe_fryum,/root/private_data/iad-vlm-anomaly/datasets/VisA_anomalib_1cls/pipe_fryum/test/anomaly/pipe_fryum_test_anomaly_081.JPG,datasets/VisA_anomalib_1cls/pipe_fryum/test/anomaly/pipe_fryum_test_anomaly_081.JPG,anomaly,1,0.6353631019592285,0.5,1,1
VisA,pipe_fryum,/root/private_data/iad-vlm-anomaly/datasets/VisA_anomalib_1cls/pipe_fryum/test/anomaly/pipe_fryum_test_anomaly_082.JPG,datasets/VisA_anomalib_1cls/pipe_fryum/test/anomaly/pipe_fryum_test_anomaly_082.JPG,anomaly,1,0.620029628276825,0.5,1,1
VisA,pipe_fryum,/root/private_data/iad-vlm-anomaly/datasets/VisA_anomalib_1cls/pipe_fryum/test/anomaly/pipe_fryum_test_anomaly_083.JPG,datasets/VisA_anomalib_1cls/pipe_fryum/test/anomaly/pipe_fryum_test_anomaly_083.JPG,anomaly,1,0.6274814605712891,0.5,1,1
VisA,pipe_fryum,/root/private_data/iad-vlm-anomaly/datasets/VisA_anomalib_1cls/pipe_fryum/test/anomaly/pipe_fryum_test_anomaly_084.JPG,datasets/VisA_anomalib_1cls/pipe_fryum/test/anomaly/pipe_fryum_test_anomaly_084.JPG,anomaly,1,0.9494616389274597,0.5,1,1
VisA,pipe_fryum,/root/private_data/iad-vlm-anomaly/datasets/VisA_anomalib_1cls/pipe_fryum/test/anomaly/pipe_fryum_test_anomaly_085.JPG,datasets/VisA_anomalib_1cls/pipe_fryum/test/anomaly/pipe_fryum_test_anomaly_085.JPG,anomaly,1,0.5196616649627686,0.5,1,1
VisA,pipe_fryum,/root/private_data/iad-vlm-anomaly/datasets/VisA_anomalib_1cls/pipe_fryum/test/anomaly/pipe_fryum_test_anomaly_086.JPG,datasets/VisA_anomalib_1cls/pipe_fryum/test/anomaly/pipe_fryum_test_anomaly_086.JPG,anomaly,1,0.7013927102088928,0.5,1,1
VisA,pipe_fryum,/root/private_data/iad-vlm-anomaly/datasets/VisA_anomalib_1cls/pipe_fryum/test/anomaly/pipe_fryum_test_anomaly_087.JPG,datasets/VisA_anomalib_1cls/pipe_fryum/test/anomaly/pipe_fryum_test_anomaly_087.JPG,anomaly,1,0.6563962697982788,0.5,1,1
VisA,pipe_fryum,/root/private_data/iad-vlm-anomaly/datasets/VisA_anomalib_1cls/pipe_fryum/test/anomaly/pipe_fryum_test_anomaly_088.JPG,datasets/VisA_anomalib_1cls/pipe_fryum/test/anomaly/pipe_fryum_test_anomaly_088.JPG,anomaly,1,0.6668770909309387,0.5,1,1
VisA,pipe_fryum,/root/private_data/iad-vlm-anomaly/datasets/VisA_anomalib_1cls/pipe_fryum/test/anomaly/pipe_fryum_test_anomaly_089.JPG,datasets/VisA_anomalib_1cls/pipe_fryum/test/anomaly/pipe_fryum_test_anomaly_089.JPG,anomaly,1,0.5400464534759521,0.5,1,1
VisA,pipe_fryum,/root/private_data/iad-vlm-anomaly/datasets/VisA_anomalib_1cls/pipe_fryum/test/anomaly/pipe_fryum_test_anomaly_090.JPG,datasets/VisA_anomalib_1cls/pipe_fryum/test/anomaly/pipe_fryum_test_anomaly_090.JPG,anomaly,1,1.0,0.5,1,1
VisA,pipe_fryum,/root/private_data/iad-vlm-anomaly/datasets/VisA_anomalib_1cls/pipe_fryum/test/anomaly/pipe_fryum_test_anomaly_091.JPG,datasets/VisA_anomalib_1cls/pipe_fryum/test/anomaly/pipe_fryum_test_anomaly_091.JPG,anomaly,1,1.0,0.5,1,1
VisA,pipe_fryum,/root/private_data/iad-vlm-anomaly/datasets/VisA_anomalib_1cls/pipe_fryum/test/anomaly/pipe_fryum_test_anomaly_092.JPG,datasets/VisA_anomalib_1cls/pipe_fryum/test/anomaly/pipe_fryum_test_anomaly_092.JPG,anomaly,1,0.8522253036499023,0.5,1,1
VisA,pipe_fryum,/root/private_data/iad-vlm-anomaly/datasets/VisA_anomalib_1cls/pipe_fryum/test/anomaly/pipe_fryum_test_anomaly_093.JPG,datasets/VisA_anomalib_1cls/pipe_fryum/test/anomaly/pipe_fryum_test_anomaly_093.JPG,anomaly,1,1.0,0.5,1,1
VisA,pipe_fryum,/root/private_data/iad-vlm-anomaly/datasets/VisA_anomalib_1cls/pipe_fryum/test/anomaly/pipe_fryum_test_anomaly_094.JPG,datasets/VisA_anomalib_1cls/pipe_fryum/test/anomaly/pipe_fryum_test_anomaly_094.JPG,anomaly,1,1.0,0.5,1,1
VisA,pipe_fryum,/root/private_data/iad-vlm-anomaly/datasets/VisA_anomalib_1cls/pipe_fryum/test/anomaly/pipe_fryum_test_anomaly_095.JPG,datasets/VisA_anomalib_1cls/pipe_fryum/test/anomaly/pipe_fryum_test_anomaly_095.JPG,anomaly,1,1.0,0.5,1,1
VisA,pipe_fryum,/root/private_data/iad-vlm-anomaly/datasets/VisA_anomalib_1cls/pipe_fryum/test/anomaly/pipe_fryum_test_anomaly_096.JPG,datasets/VisA_anomalib_1cls/pipe_fryum/test/anomaly/pipe_fryum_test_anomaly_096.JPG,anomaly,1,1.0,0.5,1,1
VisA,pipe_fryum,/root/private_data/iad-vlm-anomaly/datasets/VisA_anomalib_1cls/pipe_fryum/test/anomaly/pipe_fryum_test_anomaly_097.JPG,datasets/VisA_anomalib_1cls/pipe_fryum/test/anomaly/pipe_fryum_test_anomaly_097.JPG,anomaly,1,1.0,0.5,1,1
VisA,pipe_fryum,/root/private_data/iad-vlm-anomaly/datasets/VisA_anomalib_1cls/pipe_fryum/test/anomaly/pipe_fryum_test_anomaly_098.JPG,datasets/VisA_anomalib_1cls/pipe_fryum/test/anomaly/pipe_fryum_test_anomaly_098.JPG,anomaly,1,1.0,0.5,1,1
VisA,pipe_fryum,/root/private_data/iad-vlm-anomaly/datasets/VisA_anomalib_1cls/pipe_fryum/test/anomaly/pipe_fryum_test_anomaly_099.JPG,datasets/VisA_anomalib_1cls/pipe_fryum/test/anomaly/pipe_fryum_test_anomaly_099.JPG,anomaly,1,0.9523236155509949,0.5,1,1
VisA,pipe_fryum,/root/private_data/iad-vlm-anomaly/datasets/VisA_anomalib_1cls/pipe_fryum/test/good/pipe_fryum_test_normal_006.JPG,datasets/VisA_anomalib_1cls/pipe_fryum/test/good/pipe_fryum_test_normal_006.JPG,normal,0,0.3628002107143402,0.5,0,1
VisA,pipe_fryum,/root/private_data/iad-vlm-anomaly/datasets/VisA_anomalib_1cls/pipe_fryum/test/good/pipe_fryum_test_normal_012.JPG,datasets/VisA_anomalib_1cls/pipe_fryum/test/good/pipe_fryum_test_normal_012.JPG,normal,0,0.3519316613674164,0.5,0,1
VisA,pipe_fryum,/root/private_data/iad-vlm-anomaly/datasets/VisA_anomalib_1cls/pipe_fryum/test/good/pipe_fryum_test_normal_013.JPG,datasets/VisA_anomalib_1cls/pipe_fryum/test/good/pipe_fryum_test_normal_013.JPG,normal,0,0.4668136239051819,0.5,0,1
VisA,pipe_fryum,/root/private_data/iad-vlm-anomaly/datasets/VisA_anomalib_1cls/pipe_fryum/test/good/pipe_fryum_test_normal_023.JPG,datasets/VisA_anomalib_1cls/pipe_fryum/test/good/pipe_fryum_test_normal_023.JPG,normal,0,0.44809195399284363,0.5,0,1
VisA,pipe_fryum,/root/private_data/iad-vlm-anomaly/datasets/VisA_anomalib_1cls/pipe_fryum/test/good/pipe_fryum_test_normal_050.JPG,datasets/VisA_anomalib_1cls/pipe_fryum/test/good/pipe_fryum_test_normal_050.JPG,normal,0,0.4477173686027527,0.5,0,1
VisA,pipe_fryum,/root/private_data/iad-vlm-anomaly/datasets/VisA_anomalib_1cls/pipe_fryum/test/good/pipe_fryum_test_normal_084.JPG,datasets/VisA_anomalib_1cls/pipe_fryum/test/good/pipe_fryum_test_normal_084.JPG,normal,0,0.39893537759780884,0.5,0,1
VisA,pipe_fryum,/root/private_data/iad-vlm-anomaly/datasets/VisA_anomalib_1cls/pipe_fryum/test/good/pipe_fryum_test_normal_087.JPG,datasets/VisA_anomalib_1cls/pipe_fryum/test/good/pipe_fryum_test_normal_087.JPG,normal,0,0.3765520751476288,0.5,0,1
VisA,pipe_fryum,/root/private_data/iad-vlm-anomaly/datasets/VisA_anomalib_1cls/pipe_fryum/test/good/pipe_fryum_test_normal_089.JPG,datasets/VisA_anomalib_1cls/pipe_fryum/test/good/pipe_fryum_test_normal_089.JPG,normal,0,0.3763050138950348,0.5,0,1
VisA,pipe_fryum,/root/private_data/iad-vlm-anomaly/datasets/VisA_anomalib_1cls/pipe_fryum/test/good/pipe_fryum_test_normal_093.JPG,datasets/VisA_anomalib_1cls/pipe_fryum/test/good/pipe_fryum_test_normal_093.JPG,normal,0,0.4023754596710205,0.5,0,1
VisA,pipe_fryum,/root/private_data/iad-vlm-anomaly/datasets/VisA_anomalib_1cls/pipe_fryum/test/good/pipe_fryum_test_normal_098.JPG,datasets/VisA_anomalib_1cls/pipe_fryum/test/good/pipe_fryum_test_normal_098.JPG,normal,0,0.3889840543270111,0.5,0,1
VisA,pipe_fryum,/root/private_data/iad-vlm-anomaly/datasets/VisA_anomalib_1cls/pipe_fryum/test/good/pipe_fryum_test_normal_104.JPG,datasets/VisA_anomalib_1cls/pipe_fryum/test/good/pipe_fryum_test_normal_104.JPG,normal,0,0.3889027237892151,0.5,0,1
VisA,pipe_fryum,/root/private_data/iad-vlm-anomaly/datasets/VisA_anomalib_1cls/pipe_fryum/test/good/pipe_fryum_test_normal_130.JPG,datasets/VisA_anomalib_1cls/pipe_fryum/test/good/pipe_fryum_test_normal_130.JPG,normal,0,0.3321462571620941,0.5,0,1
VisA,pipe_fryum,/root/private_data/iad-vlm-anomaly/datasets/VisA_anomalib_1cls/pipe_fryum/test/good/pipe_fryum_test_normal_143.JPG,datasets/VisA_anomalib_1cls/pipe_fryum/test/good/pipe_fryum_test_normal_143.JPG,normal,0,0.44934043288230896,0.5,0,1
VisA,pipe_fryum,/root/private_data/iad-vlm-anomaly/datasets/VisA_anomalib_1cls/pipe_fryum/test/good/pipe_fryum_test_normal_148.JPG,datasets/VisA_anomalib_1cls/pipe_fryum/test/good/pipe_fryum_test_normal_148.JPG,normal,0,0.35391125082969666,0.5,0,1
VisA,pipe_fryum,/root/private_data/iad-vlm-anomaly/datasets/VisA_anomalib_1cls/pipe_fryum/test/good/pipe_fryum_test_normal_166.JPG,datasets/VisA_anomalib_1cls/pipe_fryum/test/good/pipe_fryum_test_normal_166.JPG,normal,0,0.4273110330104828,0.5,0,1
VisA,pipe_fryum,/root/private_data/iad-vlm-anomaly/datasets/VisA_anomalib_1cls/pipe_fryum/test/good/pipe_fryum_test_normal_181.JPG,datasets/VisA_anomalib_1cls/pipe_fryum/test/good/pipe_fryum_test_normal_181.JPG,normal,0,0.4226212799549103,0.5,0,1
VisA,pipe_fryum,/root/private_data/iad-vlm-anomaly/datasets/VisA_anomalib_1cls/pipe_fryum/test/good/pipe_fryum_test_normal_213.JPG,datasets/VisA_anomalib_1cls/pipe_fryum/test/good/pipe_fryum_test_normal_213.JPG,normal,0,0.36682212352752686,0.5,0,1
VisA,pipe_fryum,/root/private_data/iad-vlm-anomaly/datasets/VisA_anomalib_1cls/pipe_fryum/test/good/pipe_fryum_test_normal_228.JPG,datasets/VisA_anomalib_1cls/pipe_fryum/test/good/pipe_fryum_test_normal_228.JPG,normal,0,0.4007987380027771,0.5,0,1
VisA,pipe_fryum,/root/private_data/iad-vlm-anomaly/datasets/VisA_anomalib_1cls/pipe_fryum/test/good/pipe_fryum_test_normal_239.JPG,datasets/VisA_anomalib_1cls/pipe_fryum/test/good/pipe_fryum_test_normal_239.JPG,normal,0,0.4205305278301239,0.5,0,1
VisA,pipe_fryum,/root/private_data/iad-vlm-anomaly/datasets/VisA_anomalib_1cls/pipe_fryum/test/good/pipe_fryum_test_normal_244.JPG,datasets/VisA_anomalib_1cls/pipe_fryum/test/good/pipe_fryum_test_normal_244.JPG,normal,0,0.40984266996383667,0.5,0,1
VisA,pipe_fryum,/root/private_data/iad-vlm-anomaly/datasets/VisA_anomalib_1cls/pipe_fryum/test/good/pipe_fryum_test_normal_245.JPG,datasets/VisA_anomalib_1cls/pipe_fryum/test/good/pipe_fryum_test_normal_245.JPG,normal,0,0.43401899933815,0.5,0,1
VisA,pipe_fryum,/root/private_data/iad-vlm-anomaly/datasets/VisA_anomalib_1cls/pipe_fryum/test/good/pipe_fryum_test_normal_260.JPG,datasets/VisA_anomalib_1cls/pipe_fryum/test/good/pipe_fryum_test_normal_260.JPG,normal,0,0.46823275089263916,0.5,0,1
VisA,pipe_fryum,/root/private_data/iad-vlm-anomaly/datasets/VisA_anomalib_1cls/pipe_fryum/test/good/pipe_fryum_test_normal_272.JPG,datasets/VisA_anomalib_1cls/pipe_fryum/test/good/pipe_fryum_test_normal_272.JPG,normal,0,0.5736486911773682,0.5,1,0
VisA,pipe_fryum,/root/private_data/iad-vlm-anomaly/datasets/VisA_anomalib_1cls/pipe_fryum/test/good/pipe_fryum_test_normal_276.JPG,datasets/VisA_anomalib_1cls/pipe_fryum/test/good/pipe_fryum_test_normal_276.JPG,normal,0,0.4026431441307068,0.5,0,1
VisA,pipe_fryum,/root/private_data/iad-vlm-anomaly/datasets/VisA_anomalib_1cls/pipe_fryum/test/good/pipe_fryum_test_normal_284.JPG,datasets/VisA_anomalib_1cls/pipe_fryum/test/good/pipe_fryum_test_normal_284.JPG,normal,0,0.4676702916622162,0.5,0,1
VisA,pipe_fryum,/root/private_data/iad-vlm-anomaly/datasets/VisA_anomalib_1cls/pipe_fryum/test/good/pipe_fryum_test_normal_307.JPG,datasets/VisA_anomalib_1cls/pipe_fryum/test/good/pipe_fryum_test_normal_307.JPG,normal,0,0.3905263841152191,0.5,0,1
VisA,pipe_fryum,/root/private_data/iad-vlm-anomaly/datasets/VisA_anomalib_1cls/pipe_fryum/test/good/pipe_fryum_test_normal_309.JPG,datasets/VisA_anomalib_1cls/pipe_fryum/test/good/pipe_fryum_test_normal_309.JPG,normal,0,0.46222996711730957,0.5,0,1
VisA,pipe_fryum,/root/private_data/iad-vlm-anomaly/datasets/VisA_anomalib_1cls/pipe_fryum/test/good/pipe_fryum_test_normal_324.JPG,datasets/VisA_anomalib_1cls/pipe_fryum/test/good/pipe_fryum_test_normal_324.JPG,normal,0,0.5171940922737122,0.5,1,0
VisA,pipe_fryum,/root/private_data/iad-vlm-anomaly/datasets/VisA_anomalib_1cls/pipe_fryum/test/good/pipe_fryum_test_normal_337.JPG,datasets/VisA_anomalib_1cls/pipe_fryum/test/good/pipe_fryum_test_normal_337.JPG,normal,0,0.5389531850814819,0.5,1,0
VisA,pipe_fryum,/root/private_data/iad-vlm-anomaly/datasets/VisA_anomalib_1cls/pipe_fryum/test/good/pipe_fryum_test_normal_342.JPG,datasets/VisA_anomalib_1cls/pipe_fryum/test/good/pipe_fryum_test_normal_342.JPG,normal,0,0.3848738670349121,0.5,0,1
VisA,pipe_fryum,/root/private_data/iad-vlm-anomaly/datasets/VisA_anomalib_1cls/pipe_fryum/test/good/pipe_fryum_test_normal_344.JPG,datasets/VisA_anomalib_1cls/pipe_fryum/test/good/pipe_fryum_test_normal_344.JPG,normal,0,0.4236443042755127,0.5,0,1
VisA,pipe_fryum,/root/private_data/iad-vlm-anomaly/datasets/VisA_anomalib_1cls/pipe_fryum/test/good/pipe_fryum_test_normal_352.JPG,datasets/VisA_anomalib_1cls/pipe_fryum/test/good/pipe_fryum_test_normal_352.JPG,normal,0,0.49667471647262573,0.5,0,1
VisA,pipe_fryum,/root/private_data/iad-vlm-anomaly/datasets/VisA_anomalib_1cls/pipe_fryum/test/good/pipe_fryum_test_normal_367.JPG,datasets/VisA_anomalib_1cls/pipe_fryum/test/good/pipe_fryum_test_normal_367.JPG,normal,0,0.4484369456768036,0.5,0,1
VisA,pipe_fryum,/root/private_data/iad-vlm-anomaly/datasets/VisA_anomalib_1cls/pipe_fryum/test/good/pipe_fryum_test_normal_369.JPG,datasets/VisA_anomalib_1cls/pipe_fryum/test/good/pipe_fryum_test_normal_369.JPG,normal,0,0.4368736743927002,0.5,0,1
VisA,pipe_fryum,/root/private_data/iad-vlm-anomaly/datasets/VisA_anomalib_1cls/pipe_fryum/test/good/pipe_fryum_test_normal_377.JPG,datasets/VisA_anomalib_1cls/pipe_fryum/test/good/pipe_fryum_test_normal_377.JPG,normal,0,0.3801420032978058,0.5,0,1
VisA,pipe_fryum,/root/private_data/iad-vlm-anomaly/datasets/VisA_anomalib_1cls/pipe_fryum/test/good/pipe_fryum_test_normal_384.JPG,datasets/VisA_anomalib_1cls/pipe_fryum/test/good/pipe_fryum_test_normal_384.JPG,normal,0,0.41966935992240906,0.5,0,1
VisA,pipe_fryum,/root/private_data/iad-vlm-anomaly/datasets/VisA_anomalib_1cls/pipe_fryum/test/good/pipe_fryum_test_normal_389.JPG,datasets/VisA_anomalib_1cls/pipe_fryum/test/good/pipe_fryum_test_normal_389.JPG,normal,0,0.43741101026535034,0.5,0,1
VisA,pipe_fryum,/root/private_data/iad-vlm-anomaly/datasets/VisA_anomalib_1cls/pipe_fryum/test/good/pipe_fryum_test_normal_392.JPG,datasets/VisA_anomalib_1cls/pipe_fryum/test/good/pipe_fryum_test_normal_392.JPG,normal,0,0.3964536786079407,0.5,0,1
VisA,pipe_fryum,/root/private_data/iad-vlm-anomaly/datasets/VisA_anomalib_1cls/pipe_fryum/test/good/pipe_fryum_test_normal_398.JPG,datasets/VisA_anomalib_1cls/pipe_fryum/test/good/pipe_fryum_test_normal_398.JPG,normal,0,0.3796413540840149,0.5,0,1
VisA,pipe_fryum,/root/private_data/iad-vlm-anomaly/datasets/VisA_anomalib_1cls/pipe_fryum/test/good/pipe_fryum_test_normal_400.JPG,datasets/VisA_anomalib_1cls/pipe_fryum/test/good/pipe_fryum_test_normal_400.JPG,normal,0,0.4418203830718994,0.5,0,1
VisA,pipe_fryum,/root/private_data/iad-vlm-anomaly/datasets/VisA_anomalib_1cls/pipe_fryum/test/good/pipe_fryum_test_normal_402.JPG,datasets/VisA_anomalib_1cls/pipe_fryum/test/good/pipe_fryum_test_normal_402.JPG,normal,0,0.42027783393859863,0.5,0,1
VisA,pipe_fryum,/root/private_data/iad-vlm-anomaly/datasets/VisA_anomalib_1cls/pipe_fryum/test/good/pipe_fryum_test_normal_405.JPG,datasets/VisA_anomalib_1cls/pipe_fryum/test/good/pipe_fryum_test_normal_405.JPG,normal,0,0.39451372623443604,0.5,0,1
VisA,pipe_fryum,/root/private_data/iad-vlm-anomaly/datasets/VisA_anomalib_1cls/pipe_fryum/test/good/pipe_fryum_test_normal_435.JPG,datasets/VisA_anomalib_1cls/pipe_fryum/test/good/pipe_fryum_test_normal_435.JPG,normal,0,0.43406394124031067,0.5,0,1
VisA,pipe_fryum,/root/private_data/iad-vlm-anomaly/datasets/VisA_anomalib_1cls/pipe_fryum/test/good/pipe_fryum_test_normal_446.JPG,datasets/VisA_anomalib_1cls/pipe_fryum/test/good/pipe_fryum_test_normal_446.JPG,normal,0,0.435573935508728,0.5,0,1
VisA,pipe_fryum,/root/private_data/iad-vlm-anomaly/datasets/VisA_anomalib_1cls/pipe_fryum/test/good/pipe_fryum_test_normal_460.JPG,datasets/VisA_anomalib_1cls/pipe_fryum/test/good/pipe_fryum_test_normal_460.JPG,normal,0,0.36770889163017273,0.5,0,1
VisA,pipe_fryum,/root/private_data/iad-vlm-anomaly/datasets/VisA_anomalib_1cls/pipe_fryum/test/good/pipe_fryum_test_normal_461.JPG,datasets/VisA_anomalib_1cls/pipe_fryum/test/good/pipe_fryum_test_normal_461.JPG,normal,0,0.4391471743583679,0.5,0,1
VisA,pipe_fryum,/root/private_data/iad-vlm-anomaly/datasets/VisA_anomalib_1cls/pipe_fryum/test/good/pipe_fryum_test_normal_467.JPG,datasets/VisA_anomalib_1cls/pipe_fryum/test/good/pipe_fryum_test_normal_467.JPG,normal,0,0.38205060362815857,0.5,0,1
VisA,pipe_fryum,/root/private_data/iad-vlm-anomaly/datasets/VisA_anomalib_1cls/pipe_fryum/test/good/pipe_fryum_test_normal_482.JPG,datasets/VisA_anomalib_1cls/pipe_fryum/test/good/pipe_fryum_test_normal_482.JPG,normal,0,0.47088831663131714,0.5,0,1
VisA,pipe_fryum,/root/private_data/iad-vlm-anomaly/datasets/VisA_anomalib_1cls/pipe_fryum/test/good/pipe_fryum_test_normal_484.JPG,datasets/VisA_anomalib_1cls/pipe_fryum/test/good/pipe_fryum_test_normal_484.JPG,normal,0,0.3952910304069519,0.5,0,1
VisA,pipe_fryum,/root/private_data/iad-vlm-anomaly/datasets/VisA_anomalib_1cls/pipe_fryum/test/good/pipe_fryum_test_normal_487.JPG,datasets/VisA_anomalib_1cls/pipe_fryum/test/good/pipe_fryum_test_normal_487.JPG,normal,0,0.3830329179763794,0.5,0,1
